Name of Institution,Affiliation Number,State,District,Postal Address,Pincode,Std Code,Office Phone No,Residence Phone No,Fax No,Email,Website,Year of Foundation,Date of First Opening of School,Name of Principal/Head of Institution,Sex,Principals Educational Professional Qualifications,Administrative No of Experience(in Years),Teaching No of Experience(in Years),Status of the School,Type of Affiliation,Affiliation Period From,Affiliation Period To,Name of Trust/Society/Managing Committee
D A V PUBLIC SCHOOL,630016,HIMACHAL PRADESH,BILASPUR,ACC GAGAL CEMENT WORKS BARMANA BILASPUR DISTT HIMACHAL PRADESH,174013,1978,"244065 ,",244080,244067,sweenpuri1957@gmail.com,,1984,7/22/2001 12:00:00 AM,SWEEN PURI,2,,,,Senior Secondary,Provisional,1/4/2014,31/ 3/ 2019,DAV COLLEGE MANAGING COMMITTEE
D A V PUBLIC SCHOOL,630051,HIMACHAL PRADESH,BILASPUR,BILASPUR HIMACHAL PRADESH,174001,1978,"224771 ,",,,kparthi@rediffmail.com,,2003,6/1/2005 12:00:00 AM,KPARTHIPAN,2,"B.A., LLB, B.Ed",10,10,Senior Secondary,Provisional,1/4/2016,31/ 3/ 2021,little stars educational trust (r)
DAV PUBLIC SCHOOL,630086,HIMACHAL PRADESH,BILASPUR,GHUMARWIN DISTT BILASPUR HIMACHAL PRADESH,174021,1978,"255201 ,",255497,2458339,dav_ghumarwin@yahoo.com,http://www.pcsjammu.g,2003,6/2/2003 12:00:00 AM,VINOD SHARMA,2,m a b.ed,13,24,Senior Secondary,Provisional,1/4/2015,31/ 3/ 2020,DAV COLLEGE TRUST & MGMT SOC
JAWAHAR NAVODAYA VIDYALAYA,640009,HIMACHAL PRADESH,BILASPUR,KOTHIPURA DISTT BILASPUR HIMACHAL PRADESH,174001,1978,"280342 ,",86139,,surenderkbhat65@gmail.com,,1992,4/1/1991 12:00:00 AM,SURENDER KUMAR BHAT,1,M.A.,5,30,Senior Secondary,Provisional,1/4/2014,31/ 3/ 2019,Navodaya Vidyalaya Samiti
JAYPEE VIDYA MANDIR PANCHTANTRA,630172,HIMACHAL PRADESH,BILASPUR,JAYPEE HIMACHAL CEMENT PLANT TOWNSHIP VILLAGE--SARAINGHAT DHAR TATOH P.O. DHAR TATOH TEHSIL--SADAR DISTRICT--BILASPUR HIMACHAL PRADESH,174001,1796,"223391 ,",,01796-223344,callanand003@gmail.com,http://www.jaypeeschools-jvmbaga.org,2011,4/5/2011 12:00:00 AM,ANAND DUBEY,0,M.A.M.PHIL. IN ENGLISH,02,08,Senior Secondary,Provisional,1/4/2018,31/ 3/ 2023,JAIPRAKASH SEWA SANSTHAN
"kendriya vidyalaya,",600024,HIMACHAL PRADESH,BILASPUR,"ghumarwin, near shiv mandir, dist, bilaspur, himachal pradesh- 174 021",,,",",,,,,,7/2/2018 12:00:00 AM,.,0,,,,Secondary School,,Secondary School,,Secondary School
SHIV SHAKTI CONVENT SCHOOL,630242,HIMACHAL PRADESH,BILASPUR,VILLAGE KASAROO PO BADHAGHAT TEHSIL GHUMARWIN DISTT. BILASPUR H.P.,174029,,"9816069008 ,",,,sharawan23@gmail.com,http://shivshaktischool.co.in,2016,4/4/2016 12:00:00 AM,MRS. NIRMLA DEVI,1,M.A.B.Ed.,6,17,Secondary School,Provisional,1/4/2018,31/3/2021,PARVATI MARSANS EDUCATION AND COMMUNITY DEVELOPMENT SOCIETY KASAROO PO BADGAGHAT DISTT BILASPUR H P
SHIV SHAKTI CONVENT SCHOOL VILL KASARO P.O. BADHAGHAT TEHSIL GHUMARWIN,630227,HIMACHAL PRADESH,BILASPUR,"VILL. KASAROO P.O. BADHAGHAT TEHSIL GHUMARWIN DISTT, BILASPUR",174029,1978,"255922 ,",,,sscsk.info@gmail.com,http://shivshaktischool.co.in,2016,4/1/2016 12:00:00 AM,Nirmla Devi,,M.A. B.Ed.,3,15,Middle Class,Provisional,4/1/2017,31/3/2020,Parvati Marsans Education & Community Develompent Kasaroo
Shiva International school,630219,HIMACHAL PRADESH,BILASPUR,On kuthera super highway,174021,91,"9805092582 ,",,01978-256003,shilpa.doctor@gmail.com,http://internationalschoolshiva.com/,2015,4/9/2015 12:00:00 AM,Shilpa Goel,,Ph.D,03,02,Secondary School,Provisional,1/4/2017,31/3/2020,SHIVA EDUCATIONAL SOCIETY
B S P CENTRAL SCHOOL,630007,HIMACHAL PRADESH,CHAMBA,SURANGANI CHAMBA DISTT HIMACHAL PRADESH,176317,1896,"232004289 ,",9816503211,232301,vijaykumarsingh_nhpc@rediffmail.com,,1978,4/1/2005 12:00:00 AM,Kanwar Vijay Singh,1,M.Sc.;B.Ed;M.Phil,12,25,Senior Secondary,Provisional,1/4/2015,31/ 3/ 2020,N H P C LTD A GOVT OF INDIA ENTER
CENTRAL SCHOOL FOR TIBETANS,690002,HIMACHAL PRADESH,CHAMBA,DALHOUSIE DISTT CHAMBA HIMACHAL PRADESH,176304,1899,"242836 ,",2107,2580425,harish.gupta767@gmail.com,www.cstdalhousie.org,1963,4/1/1991 12:00:00 AM,H C GUPTA,1,M.A. Ph.D. M.Ed.,09,29,Senior Secondary,Provisional,1/4/2014,31/ 3/ 2016,CENTRAL TIBETAN SCHOOLS ADMN
DALHOUSIE HILL TOP SCHOOL,630026,HIMACHAL PRADESH,CHAMBA,"UPPER BAKROTA DALHOUSIE , DISTT CHAMBA, HIMACHAL PRADESH",176304,1899,"240621 ,",222261,01786-2222,dalhousiehilltopschool@gmail.com,www.hilltopschooldalhousie.com,1979,7/22/2001 12:00:00 AM,PARVEEN SINGH,1,"MA, B.ED",,,Senior Secondary,Provisional,1/4/2018,31/ 3/ 2019,YASHI BENEVOLENT TRUST
DALHOUSIE PUBLIC SCHOOL,630005,HIMACHAL PRADESH,CHAMBA,DALHOUSIE HIMACHAL PRADESH,176304,1899,"240615 ,",2429,,JATIN27IN@GMAIL.COM,,1970,1/21/2009 12:00:00 AM,JATINDER SINGH,1,,,,Senior Secondary,Provisional,1/4/2018,31/ 3/ 2019,DPS EDUCATIONAL SOCIETY
DAV PUBLIC SCHOOL,630123,HIMACHAL PRADESH,CHAMBA,"MOHALLA HARDASPURA, DISTT. CHAMBA, HIMACHAL PRADESH",176310,1899,"224412 ,",2178,2458339,davchamba@rediffmail.com,http://www.pcsjammu.org,1958,4/1/2005 12:00:00 AM,ASHOK KUMAR GULERIA,0,,,,Senior Secondary,Provisional,1/4/2014,31/ 3/ 2019,SISTERS OF THE PESTITUTE EDUCATION
GURU NANAK PUBLIC SCHOOL,630071,HIMACHAL PRADESH,CHAMBA,BUS STOP GPO ROAD DALHOUSIE HIMACHAL PRADESH,176304,1899,"240653 ,",42270,2458339,gnps_navdeep@yahoo.com,http://www.pcsjammu.org,1976,4/1/2005 12:00:00 AM,NAVDEEP SINGH,2,M A B.Ed,13,24,Senior Secondary,Provisional,1/4/2014,31/ 3/ 2019,GURU NANAK PUBLIC SCHOOL SOCIETY
JAWAHAR NAVODAYA VIDYALAYA,640005,HIMACHAL PRADESH,CHAMBA,SAROL DISTT CHAMBA HIMACHAL PRADESH,176310,1899,"222378 , 2378",,,jnvchamba@rediffmail.com,,1986,4/1/1991 12:00:00 AM,ARCHANA MISHRA,1,,,,Senior Secondary,Provisional,1/4/2018,31/ 3/ 2023,NVS
kendriya vidyalaya,600006,HIMACHAL PRADESH,CHAMBA,"bakloh cantt, distt chamba, himachal pradesh",176301,1899,"257249 ,",059,,kvbakloh@gmail.com,,1982,4/1/2005 12:00:00 AM,RAM NARAYAN SINGH,1,,,,Senior Secondary,Provisional,1/4/2019,31/ 3/ 2024,kendriya vidyalaya sangathan
KENDRIYA VIDYALAYA,600007,HIMACHAL PRADESH,CHAMBA,DALHOUSIE AT BANIKHET DISTT CHAMBA HIMACHAL PRADESH,176303,1899,"254679 ,",70,,durgachauhan77@gmail.com,,1983,4/1/1991 12:00:00 AM,DURGA CHAUHAN,2,,,,Senior Secondary,Provisional,1/4/2017,31/ 3/ 2020,KENDRIYA VIDYALAYA SANGATHAN
kendriya vidyalaya,600014,HIMACHAL PRADESH,CHAMBA,chamera nhpc khairi chamba himachal pradesh,176325,1899,"263005 ,",63139,,kvno1chamera@rediffmail.com,,1986,4/1/2005 12:00:00 AM,DR R PRASAD,1,,,,Senior Secondary,Provisional,1/4/2017,31/ 3/ 2020,kendriya vidyalaya sangathan
KENDRIYA VIDYALAYA NO 2,600020,HIMACHAL PRADESH,CHAMBA,NHPC CHAMERA KARIAN PO HARDASPURA DISTT CHAMBA HIMACHAL PRADESH,176310,1899,"220144 ,",,220710,Vinodbhartiya1@gmail.com,www.kvchamera2.nic.in,2000,1/25/2009 12:00:00 AM,VINOD BHARTIYA,1,M. A.Geography,12,15,Senior Secondary,Provisional,1/4/2019,31/ 3/ 2022,KENDRIYA VIDYALAYA SANGATHAN
D A V PUBLIC SCHOOL,630038,HIMACHAL PRADESH,HAMIRPUR,PARTAP GALI HAMIRPUR HIMACHAL PRADESH,177001,1972,"222560 ,",01972-222560,222560,princidav@yahoo.co.in,http://www.davhamirpur.or,1986,4/1/2005 12:00:00 AM,PIAR CHAND VERMA,1,M.Sc. B.Ed.,13,13,Senior Secondary,Provisional,1/4/2015,31/ 3/ 2020,DAV COLLEGE MANAGING COMMITTEE
GREEN VALLEY PUBLIC SCHOOL JAHU,630234,HIMACHAL PRADESH,HAMIRPUR,VPO JAHU,176048,,"01972250067 ,",,,gvpsjahu89@rediffmail.com,http://www.greenvalley89.com,1989,4/4/1989 12:00:00 AM,Mrs.USHA SHARMA,,MA HISTORY,12,8,Secondary School,Provisional,1/4/2018,31/3/2021,GREEN VALLEY SCHOOL SOCIETY JAHU
HAMIRPUR PUBLIC SCHOOL,630122,HIMACHAL PRADESH,HAMIRPUR,"Ward No. 10 Ram Nagar, Hamirpur, Himachal Pradesh",177001,1972,"225182 ,",,,ghanshyam_kashyap@yahoo.com,,2001,4/2/2001 12:00:00 AM,GHANSHYAM CHOWDHARY,1,"M.Sc,B.Ed",4,5,Senior Secondary,Provisional,1/4/2014,31/ 3/ 2019,Gram Sudhar Sabha
"HIM ACADEMY PUBLIC SCHOOL, VIKAS NAGAR",630179,HIMACHAL PRADESH,HAMIRPUR,"P. O. DARUHI, TEH. & DISTT. HAMIRPUR (HP) PIN-177001",177001,1972,"218048 ,",,"01972-222829, 223428",naina.lakhanpal@yahoo.com,http://www.himacademy.com,1998,5/1/1998 12:00:00 AM,NAINA,0,B. TECH. (COMPUTER SCIENCE & TECHNOLOGY),7,9,Senior Secondary,Provisional,1/4/2016,31/ 3/ 2021,HIM ACADEMY EDUCATION SOCIETY
HIM GURUKUL INTERNATIONAL SCHOOL,630198,HIMACHAL PRADESH,HAMIRPUR,VILL BHALAT PO HARSOUR TEH BARSAR HAMIRPUR HIMACHAL PRADESH,174305,0197,"2289351 ,",,,r.s.veryana@gmail.com,,2014,4/17/2014 12:00:00 AM,Rajinder Singh,0,M.A/B Ed,3,17,Senior Secondary,Provisional,1/4/2017,31/ 3/ 2020,"Him School Skisha Sabha,Harsour"
JAWAHAR NAVODAYA VIDYALAYA,640008,HIMACHAL PRADESH,HAMIRPUR,DUNGRIN DISTT HAMIRPUR HIMACHAL PRADESH,176045,1972,"266035 ,",2232,,jnvhmr@gmil.com,,1988,4/1/1991 12:00:00 AM,SUSHIL KUMAR MISHRA,1,,,,Senior Secondary,Provisional,1/4/2015,31/ 3/ 2016,NAVODAYA VIDYALAYA SAMITI
KENDRIYA VIDYALAYA,600008,HIMACHAL PRADESH,HAMIRPUR,HAMIRPUR HIMACHAL PRADESH,177001,1972,"221621 ,",2570,242258,pplkvhamirpur@gmail.com,,1983,1/25/2009 12:00:00 AM,VIRENDER SINGH,1,MA B.Ed.,2,28,Senior Secondary,Provisional,1/4/2019,31/ 3/ 2020,KENDRIYA VIDYALAYA SANGATHAN
KENDRIYA VIDYALAYA,600018,HIMACHAL PRADESH,HAMIRPUR,NADAUN DISTT HAMIRPUR HIMACHAL PRADESH,177033,1972,"233088 ,",2570,242258,skdkvhmr@gmail.com,,1986,1/25/2009 12:00:00 AM,SURINDER KUMAR DOGRA,1,MA B.Ed.,2,28,Secondary School,Provisional,1/4/2016,31/3/2019,KENDRIYA VIDYALAYA SANGATHAN
MAHARISHI VIDYA MANDIR,630096,HIMACHAL PRADESH,HAMIRPUR,VILLAGE KUTHAR GAGAL PO BHARMOTI TEH NADUAN DISTT HAMIRPUR HIMACHAL PRADESH,177033,1972,"233779 ,",,,principalpplnadaun@mahaemail.com,,1992,1/21/2009 12:00:00 AM,GHAN SHYAM TIWARI,1,,,,Senior Secondary,Provisional,1/4/2015,31/ 3/ 2020,MAHARISHI SHIKSHAN SANSTHAN
Parmarth Interernational school,630163,HIMACHAL PRADESH,HAMIRPUR,"Baru Kakriar, PO Kakirar",177030,0192,"246144 ,",,01972-222246,parmarth630163@gmail.com,,2006,4/15/2006 12:00:00 AM,Anita Kumari Dogra,0,"BE , APGDBM",15,06,Senior Secondary,Provisional,1/4/2017,31/ 3/ 2022,"Hamirpur Parmarth International Educational Society, Baru Hamirpur"
SAINIK SCHOOL,680001,HIMACHAL PRADESH,HAMIRPUR,SUJANPUR TIHRA HAMIRPUR DISTT HIMACHAL PRADESH,176110,,"72024 , 72021",72040,,bssainig@rediffmail.com,www.sainikschoolsujanpurtira.org,1978,4/6/2008 12:00:00 AM,H S BHANDAL,0,,,,Senior Secondary,Provisional,1/4/2017,31/ 3/ 2022,BOARD OF GOVERNORS SAINIK SCHOOL SOCIETY
Seven Star Senior Secondary Public School,630168,HIMACHAL PRADESH,HAMIRPUR,v p o Bani Teh Barsar Distt Hamirpur (Himachal Pradesh),288139,1972,"288139 ,",,01972 -288139,ssisb2004@gmail.com,http://www.sevenstardatamax.com,2004,4/7/2004 12:00:00 AM,SONAL KANWAR,2,M.A. MED,10,10,Senior Secondary,Provisional,1/4/2016,31/ 3/ 2021,sevenstarsocity
T.R.D.A.V.PUBLIC SR. SEC. SCHOOL KANGOO,630144,HIMACHAL PRADESH,HAMIRPUR,P.O. KANGOO TEH. NADAUN DISTT. HAMIRPUR(H.P.) 177040,177040,1972,"231115 ,",,01972231115,trdav_kng@yahoo.com,,1992,4/1/1992 12:00:00 AM,SURESH KUMAR SHARMA,0,M.A. B. ED.,16,16,Senior Secondary,Provisional,1/4/2013,31/ 3/ 2018,DAV COLLEGE TRUST & MANAGEMENT SOCIETY
WOODS PARK SCHOOL HAMIRPUR AT BANI,630211,HIMACHAL PRADESH,HAMIRPUR,WOODS PARK SCHOOL HAMIRPUR AT BANI PO. BANI TEHSIL BARSAR DISTT. HAMIRPUR (H.P.)-174304,174304,1972,"9805516010 ,",,01972215334,woodsparkschoolhamirpur@gmail.com,http://www.mithmr.com,2015,4/1/2015 12:00:00 AM,BHARTI SHARMA,,"B.Sc. (Medical), M.A. (Pol. Sc.), B.Ed.",5,5,Secondary School,Provisional,1/4/2016,31/3/2019,KAILASH EDUCATION SOCIETY
AADHARSHILA SCHOOL,630138,HIMACHAL PRADESH,KANGRA,"Uppar Punner Road (Via Bhawarna), Teh- Palampur, Distt Kangra, HP-176102",176102,0000,"000000 ,",921850601,,kherrk@hotmail.com,,2007,11/6/2007 12:00:00 AM,Sanjay Kher,1,,,,Senior Secondary,Provisional,1/4/2014,31/ 3/ 2019,OM EDUCATION TRUST
AADHUNIK PUBLIC SCHOOL,630055,HIMACHAL PRADESH,KANGRA,SIDHBARI DHARAMSHALA HIMACHAL PRADESH,176057,1892,"236298 , 234550",01892-246390,,polu122003@yahoo.co.in,www.aadhunikschool.in,1957,3/24/2018 12:00:00 AM,MONIKA MAHAJAN,2,"B.A (H) ENG, LL.B, C.TET, CSB, B.ED",,,Senior Secondary,Provisional,1/4/2013,31/ 3/ 2018,gav public school managing committe
ACHIEVERS HUB PUBLIC SCHOOL,630210,HIMACHAL PRADESH,KANGRA,"MOHAL JHIKLI DAR, MAUZA KHANIARA, DHARAMSHALA",176057,1892,"01892222263, ,",,,ahpsdharamshala@gmail.com,http://www.ahpsdharamsala.com,2007,3/9/2007 12:00:00 AM,MRS. MEGHA TOKES,1,15,5,15,Senior Secondary,Provisional,1/4/2018,31/ 3/ 2021,AWSTHI EDUCATION SOCIETY
ALPINE PUBLIC SCHOOL,630233,HIMACHAL PRADESH,KANGRA,VILLAGE SUKKABAG P.O BHANGWAR,176029,,"01892269669 ,",,,apssukhabagh@gmail.com,,2009,4/1/2009 12:00:00 AM,Mrs.MEENA SHARMA,,M.A. B.Ed,09,20,Secondary School,Provisional,4/1/2017,31/3/2020,GREAT ARYAN VALLEY EDUCATION SOCIETY
ANGELS CONVENT SCHOOL,630201,HIMACHAL PRADESH,KANGRA,"NEAR GOVT. COLLEGE DEHRI, P.O. KHER, VPO. KUTKANA, TEH. NURPUR, DISTT. KANGRA",176202,1893,"250084 ,",,,bindiya.acs@gmail.com,,2013,4/1/2013 12:00:00 AM,BINDIYA,0,"M.A., B.Ed.",5,10,Secondary School,Provisional,1/4/2018,31/3/2023,ACTIVE WORLD EDUCATIONAL SOCIETY
Angels Public Model School,630230,HIMACHAL PRADESH,KANGRA,VPO Khanni Tehsil Nurpur Distt Kangra Himachal Pradesh,176201,1893,"227777 ,",,09459221777,kiranapms@gmail.com,,1996,4/8/1996 12:00:00 AM,KIRAN BALA,,M.A. B.Ed,10,10,Secondary School,Provisional,4/1/2017,31/3/2020,Angels Public Model School Sabha Khanni
ANURADHA PUBLIC SENIOR SECONDARY SCHOOL,630125,HIMACHAL PRADESH,KANGRA,"VPO. MARANDA, TEH PALAMPUR, DISST. KANGRA (HIMACHAL PRADESH)",176102,1894,"239848 ,",235095,01894238848,renu.thakur78@gmail.com,,2003,4/2/2003 12:00:00 AM,RENU KATOCH,2,"MSc, M.Phil, M.Ed.",5,5,Senior Secondary,Provisional,1/4/2013,31/ 3/ 2018,anuradha educational society
ARMY PUBLIC SCHOOL,680004,HIMACHAL PRADESH,KANGRA,YOL CANTT. DISTT KANGRA HIMACHAL PRADESH,176052,01702,"2472 ,",2206,,aaasyol@rediffmail.com,http://www.apshisar.com,1994,1/1/1940 12:00:00 AM,SH A K AMBASTHA,1,"MA, BEd",03,08,Senior Secondary,Provisional,1/4/2013,31/ 3/ 2021,ARMY SCH YOL CANTT MANG COMMITTEE
BHAGIRATHI DASS DAV PUBLIC SCHOOL,630053,HIMACHAL PRADESH,KANGRA,DHARAMSHALA DISTT. KANGRA HIMACHAL PRADESH,176215,1892,"222222 ,",01892-223022,222222,sikanderkhan82@yahoo.com,,1976,7/1/1998 12:00:00 AM,S H KHAN,1,"M.A.Math,M.Ed,CIG, PGDHRM",08,14,Senior Secondary,Provisional,1/4/2016,31/ 3/ 2021,canterbury bells siksha sansthan
CAMBRIDGE INTERNATIONAL SCHOOL,630241,HIMACHAL PRADESH,KANGRA,PATHANKOT MANDI HIGHWAY,176061,,"01894238700 ,",,,palampur.cambridge@gmail.com,http://www.cisp.co.in,2015,4/2/2015 12:00:00 AM,MR.YOGESHWAR SINGH BATYAL,1,"M.Sc Hons ( Maths) , B.Ed",4,15,Secondary School,Provisional,1/4/2018,31/3/2021,KATIANI EDUCATIONAL TRUST
COMET MENSA PUBLIC SCHOOL,630099,HIMACHAL PRADESH,KANGRA,DEHRI PO KHUTHANDEL VIA REHAN TEH NURPUR DISTT KANGRA HIMACHAL PRADESH,176022,1893,"251400 ,",22458,03812342572,cmpschool2003@yahoo.com,,2003,6/10/1986 12:00:00 AM,Mrs. Sunny Jaswal,2,"Ba, BEd",5,10,Senior Secondary,Provisional,1/4/2017,31/ 3/ 2022,COMET MENSA EDUCATION SOCIET
Crescent Public School,630215,HIMACHAL PRADESH,KANGRA,P.O.Banuri,176061,0189,"4254117 ,",,,manubh31@gmail.com,,2003,4/15/2003 12:00:00 AM,MANOJ KUMAR,,"M.Sc., B.Ed.",8,11,Senior Secondary,Provisional,1/4/2016,31/ 3/ 2019,Rhythm Education Society
D A V Public School,630058,HIMACHAL PRADESH,KANGRA,"Alampur The. Jaisinghpur Distt. Kangra, Himachal Pradesh",176082,1894,"271264 ,",,01894-2712,bikramsingh1968@rediff.com,www.davalampur.co.in,1993,6/2/2003 12:00:00 AM,BIKRAM SINGH,1,m.a. b.ed,05,16,Senior Secondary,Provisional,1/4/2019,31/ 3/ 2020,prakash trust
D.A.V.M.Public School Badhal Thore,630176,HIMACHAL PRADESH,KANGRA,V.P.O Badhal Thore,177105,1970,"286136 ,",,,kalia70sd@gmail.com,,2009,3/29/2009 12:00:00 AM,SOM DUTT,0,M.A. B.ed,7,9,Senior Secondary,Provisional,1/4/2016,31/ 3/ 2019,Dayanand Adarsh Educational Society Kalu-Di- Bar
D.A.V.Public Sen.Sec.School Bharoli,630146,HIMACHAL PRADESH,KANGRA,Tehsil Jawalamukhi Distt. Kangra (H.P.),176036,1970,"203869 ,",,01970-273869,principal_rana@yahoo.co.in,,1993,4/16/2009 12:00:00 AM,RANDHIR SINGH RANA,1,M.A.B.Ed.,4,8,Senior Secondary,Provisional,1/4/2017,31/ 3/ 2019,D.A.V.COLLEGE TRUST & MANAGEMENT SOCIETY NEW DELHI-55
DAV PUBLIC SCHOOL,630048,HIMACHAL PRADESH,KANGRA,REHAN DISTT KANGRA TEH NURPUR HIMACHAL PRADESH,176022,1893,"250329 , 251404",,,rasjam@gmail.com,,1989,5/5/2003 12:00:00 AM,Rashmi Jamwal,1,,,,Senior Secondary,Provisional,1/4/2016,31/ 3/ 2019,DAV COLLEGE MANAGING COMMITTEE N D
DAV PUBLIC SCHOOL,630020,HIMACHAL PRADESH,KANGRA,PALAMPUR DISTT.KANGRA HIMACHAL PRADESH,176061,1894,"230617 ,",01894-200755,235217,vkyadav07@rediffmail.com,,1983,5/2/2001 12:00:00 AM,VINAY KUMAR YADAV,1,"M.Sc. , B.Ed.",08,22,Senior Secondary,Provisional,1/4/2018,31/ 3/ 2023,D A V COLLEGE MANAGING COMMITTEE
DAV PUBLIC SCHOOL,630092,HIMACHAL PRADESH,KANGRA,NAGROTA SURIAN TEH JAWALI DISTT KANGRA HIMACHAL PRADESH,176027,1893,"265048 , 224025",5269807,,coolvish26@gmail.com,,1989,6/9/2004 12:00:00 AM,VISHWAS SHARMA,2,"M.Phil., B.Ed.",3,7,Senior Secondary,Provisional,1/4/2012,31/ 3/ 2017,DAV COLLEGE MANAGING COMMITTEE
DAV Public School Tiara,630131,HIMACHAL PRADESH,KANGRA,"V.P.O Tiara Teh & Distt Kangra, Himachal Pradesh",176214,1892,"232315 ,",265755,01892-232315,shekharmodgil@gmail.com,,1988,4/25/1988 12:00:00 AM,Shekhar Moudgil,1,M.A. B.Ed,18,18,Senior Secondary,Provisional,1/4/2014,31/ 3/ 2019,DAV College Managing Committe New Delhi
DAV SR. SEC. PUBLIC SCHOOL,630041,HIMACHAL PRADESH,KANGRA,DEHRA GOPIPUR DISTT KANGRA HIMACHAL PRADESH,177101,1970,"233161 ,",66142,2458339,davdehra@yahoo.co.in,http://www.pcsjammu.org,1986,4/1/2005 12:00:00 AM,GK BHATNAGAR,2,M A B.Ed,13,24,Senior Secondary,Provisional,1/4/2015,31/ 3/ 2020,DAV COLLEGE MANAGEMENT TRUST
DE MONTREAL CONVENT SCHOOL,630244,HIMACHAL PRADESH,KANGRA,"V.P.O BARI.TEHSIL NURPUR,DISTRICT KANGRA",176051,1262,"9805168017 ,",01262,,demontrealschool@gmail.com,http://www.demontrealconventschool.com,2014,4/1/2014 12:00:00 AM,Mrs.Renu Bala,2,M.Phil (Chemisrty),1,7,Secondary School,Provisional,1/4/2018,31/3/2021,De Montreal convent Education Society
Delhi Convent School,630214,HIMACHAL PRADESH,KANGRA,"V.P.O-Chudhrer,Lower Sunhet,Tehsil-Dehra,Kangra(H.P.)-177101",177101,,"09625007777 ,",,,dcsdehra@gmail.com,http://www.dcshimachal.com,2010,4/20/2010 12:00:00 AM,Mrs.Gunjan Kumari,,"M.sc.(Maths),B.ed.",10,12,Secondary School,Provisional,1/4/2016,31/3/2019,Proffesors Educational & Welfare Society
Dhauladhar Nirmla Devi Senior Secondary School,630170,HIMACHAL PRADESH,KANGRA,P.O. Chalali Teh Dehra Distt Kangra (H.P.) 177103,177103,1976,"255146 ,",,,aryan2005school@gmail.com,,1992,4/1/1992 12:00:00 AM,MANOJ SHARMA,0,"M. A. Geography, M. Ed",05,36,Senior Secondary,Provisional,1/4/2016,31/ 3/ 2019,Dhauladhar N.D. Memorial Public School VPO Chalai at Bharwain Teh Dehra Distt Kangra (H.P)
G A V PUBLIC SCHOOL,630025,HIMACHAL PRADESH,KANGRA,KANGRA HIMACHAL PRADESH,176001,1892,"265285 ,",,1892263602,gav6325@yahoo.co.in,http://www.gavpsk.org,1987,4/1/2006 12:00:00 AM,Sushil Kant Chadha,1,,,,Senior Secondary,Provisional,1/4/2015,31/ 3/ 2020,GAV PUBLIC SCHOOL MANAGING COMMITTE
GALAXY PUBLIC SCHOOL,630105,HIMACHAL PRADESH,KANGRA,RAILWAY ROAD NAGROTA SURIAN TEHSIL JAWALI DISTT KANGRA HP,176027,1893,"235393 ,",265077,,drgulshank@gmail.com,,1982,3/23/2005 12:00:00 AM,KIRAN LATA,1,"M.A., M.Ed",06,5,Senior Secondary,Provisional,1/4/2018,31/ 3/ 2023,GALAXY INTERNATIONAL EDU & RES FOUN
Green Field Senior Secondary School,630121,HIMACHAL PRADESH,KANGRA,"V.P.O. Chahri Nagrota Bagwan, Distt Kangra, Himachal Pradesh",176047,1892,"253979 ,",2043,,greenfieldnagrota@yahoo.co.in,,1998,4/1/1998 12:00:00 AM,SUDHANSHU SHARMA,1,"M.F.M., M.A. B.ED",8,8,Senior Secondary,Provisional,1/4/2016,31/ 3/ 2021,Arrya Educational Society Differpat (Palampur)
Green Land Public School,630132,HIMACHAL PRADESH,KANGRA,"Kandori Road, Surajpur, Damtal, Tehsil Indora, Distt. Kangra (Himachal Pradesh)",176403,1893,"209556 ,",244345,545985,gpshp.net@rediffmail.com,http://www.jbnss.org,1978,6/1/2001 12:00:00 AM,anumeet kaur,1,MA eCONOMICS,05,8,Secondary School,Provisional,1/4/2016,31/3/2021,Green Land Educational Society
GURUKUL PUBLIC SCHOOL,630124,HIMACHAL PRADESH,KANGRA,"SADWAN KANGRA,HIMACHAL PRADESH",176202,1893,"234465 ,",098 163 02684,234465,jyotisauguny@gmail.com,http://gurukulpublicschoolnurpur.in,2004,7/14/2004 12:00:00 AM,KUMUD SHARMA,0,,,,Senior Secondary,Provisional,1/4/2017,31/ 3/ 2020,Amol Chand Varshney Sewa Sansthan
HIGHLAND PUBLIC SCHOOL,630171,HIMACHAL PRADESH,KANGRA,"Vill.Ruhru, PO Sudher",176215,1892,"202060 ,",,,sumitasoni22@gmail.com,http://www.highlandpublicschool.co.in,2006,2/24/2006 12:00:00 AM,Sumita Soni,0,"BA, B.Ed, MA(Prev)",10,21,Senior Secondary,Provisional,1/4/2019,31/ 3/ 2020,Sri Balaji Himachal Education Society
HIMALAYAN INTERNATIONAL SCHOOL,630208,HIMACHAL PRADESH,KANGRA,FATEHPUR KANGRA HP,176053,1893,"256396 ,",,,gori.chandel@gmail.com,,2002,4/1/2002 12:00:00 AM,NEHA CHAMBIAL,2,"M.Sc,B.Ed,M.Phil.",1,2,Senior Secondary,Provisional,1/4/2016,31/ 3/ 2019,"HIMALAYAN EDUCATION SOCIETY,MANOH SIHAL"
I B DAV PUBLIC SCHOOL,630033,HIMACHAL PRADESH,KANGRA,"NARWANA YOL CAMP, DHARMSHALA, DISTT KANGRA HIMACHAL PRADESH",176052,0189,"236120 ,",235990,,parveen_shivpuri@yahoo.com,,1979,7/22/2001 12:00:00 AM,Parveen Shivpuri,2,,,,Senior Secondary,Provisional,1/4/2018,31/ 3/ 2023,dav college managing committee delh
JAWAHAR NAVODAYA VIDYALAYA,640006,HIMACHAL PRADESH,KANGRA,PAPROLA DISTT KANGRA HIMACHAL PRADESH,176115,0189,"242010 ,",86139,,sushg4300@gmail.com,,1987,4/1/1991 12:00:00 AM,SUSHMA GOSWAMI,1,M.A.,5,30,Senior Secondary,Provisional,1/4/2017,31/ 3/ 2020,NAVODAYA VIDYALAYA SAMITI
"K.scholars public school,harar",630228,HIMACHAL PRADESH,KANGRA,P.o.muhal teh. Debra distt.kangra,177117,0091,"9816922525 ,",,,kscholarsps@gmail.com,,2011,4/1/2011 12:00:00 AM,RASHMA DEVI,,M.sc.phy b.ed,8,11,Secondary School,Provisional,4/1/2017,31/3/2020,"Khushi Ram Memorial Trust ,Harar"
KENDRIYA VIDYALAYA,600002,HIMACHAL PRADESH,KANGRA,YOL CANTT KANGRA HIMACHAL PRADESH,176052,1892,"236167 ,",217932,,KVYOLCANTTHP@GMAIL.COM,,1975,4/1/1991 12:00:00 AM,GIRISH CHAND,1,,,,Senior Secondary,Provisional,1/4/2018,31/ 3/ 2020,KENDRIYA VIDYALAYA SANGATHAN
KENDRIYA VIDYALAYA,600003,HIMACHAL PRADESH,KANGRA,"HOLTA CAMP PALAMPUR , DISTT KANGRA, HIMACHAL PRADESH",176001,1894,"230661 ,",217932,,lalitkg20@gmail.com,,1977,4/1/1991 12:00:00 AM,LALIT KUMAR,1,,,,Senior Secondary,Provisional,1/4/2013,31/ 3/ 2022,KENDRIYA VIDYALAYA SANGATHAN
KENDRIYA VIDYALAYA,600005,HIMACHAL PRADESH,KANGRA,DHARAMSALA CANTT KANGRA DISTT HIMACHAL PRADESH,176216,1892,"221414 ,",281,,deepssandhu1971@gmail.com,,1981,4/1/1991 12:00:00 AM,DEEPIKA SANDHU,1,,,,Senior Secondary,Provisional,1/4/2017,31/ 3/ 2022,KENDRIYA VIDYALAYA SANGATHAN
KENDRIYA VIDYALAYA,600011,HIMACHAL PRADESH,KANGRA,BHANALA (SHAHPUR) DISTT. KANGRA HIMACHAL PRADESH,176206,91,"9805634253 ,",383563,,sulakshanadogra@yahoo.in,,1986,4/1/1991 12:00:00 AM,SULAKSHANA DOGRA,1,,,,Senior Secondary,Provisional,1/4/2014,31/ 3/ 2019,KENDRIYA VIDYALAYA SANGATHAN
kendriya vidyalaya,600015,HIMACHAL PRADESH,KANGRA,"alhilal cantt, p o taragarh distt kangra himachal pradesh",176081,1894,"242650 ,",63780,,kvalhilal@gmail.com,,1986,4/1/2005 12:00:00 AM,DR MRS SUDHA SHARMA,1,m. sc.,0,8,Senior Secondary,Provisional,1/4/2018,31/ 3/ 2021,kendriya vidyalaya sangathan
KENDRIYA VIDYALAYA,600017,HIMACHAL PRADESH,KANGRA,"NALETI TEH. DEHRA, DISTT. KANGRA HIMACHAL PRADESH",177104,1970,"245088 ,",63780,,rajkumar_7708@rediffmail.com,,1993,4/1/2005 12:00:00 AM,RAJ KUMAR,1,m. sc.,0,8,Senior Secondary,Provisional,1/4/2008,31/ 3/ 2013,Kendriya Vidyalaya Sangathan
Laureate Global School,630220,HIMACHAL PRADESH,KANGRA,VPO Kathog,177101,,"9218428040 ,",,,laureategs@gmail.com,http://www.laureategs.in,2015,4/9/2015 12:00:00 AM,Mrs.Kiran Dharmani,,"M.A., B.Ed.",10,20,Secondary School,Provisional,1/4/2017,31/3/2020,Laureate Educational Society
lawrence public school,630187,HIMACHAL PRADESH,KANGRA,relhu road.shahpur distt kangra,176206,1892,"237088 ,",,,nilouferuby@yahoo.co.in,,2010,4/8/2011 12:00:00 AM,NILOUFER S MAHAJAN,0,"M.A,M.B.A,B.ed,Ph.D (Pursuing",6,8,Senior Secondary,Provisional,1/4/2017,31/ 3/ 2019,Lawrence Public School education society
Lawrence Public School Guler,630239,HIMACHAL PRADESH,KANGRA,V.P.O. Guler Tehsil Dehra Dist. Kangra,176033,,"01970265373 ,",,,lawrencepublicschoolguler@gmail.com,,2006,4/4/2006 12:00:00 AM,Mr.Manoj Kumar,,"M.Sc, B.Ed",8,8,Secondary School,Provisional,1/4/2018,31/3/2021,Lawrence Education Society Guler
"Lotus International Convent School,",630173,HIMACHAL PRADESH,KANGRA,"Rakkar, Teh. Rakkar, Distt. Kangra, H.P.",177043,1970,"9805228540 ,",,01970-267664,school_lotus@yahoo.com,,2012,3/22/2012 12:00:00 AM,PANKAJ SHARMA,1,"B.Sc., B.Ed.",6,16,Senior Secondary,Provisional,1/4/2018,31/ 3/ 2019,"Shri Ganesh Education Society, Tiamal"
MAHARISHI VIDYA MANDIR PUBLIC SCHOOL,630098,HIMACHAL PRADESH,KANGRA,KHATECHAR DHARMSHALA DISTT KANGRA HIMACHAL PRADESH,173209,1892,"275576 , 265307",260367,01792-261042,mvmdharamshala.1@gmail.com,http://www.kips.edu.in,1991,3/26/2008 12:00:00 AM,RAKESH CHAND TYAGI,2,"M.A. (English), B.Ed",1,10,Senior Secondary,Provisional,1/4/2015,31/ 3/ 2020,MAHARISHI SHIKSHA SANSTHAN
mblm international school mangarh,630174,HIMACHAL PRADESH,KANGRA,Vill. Mangarh PO POlian,176025,1893,"206002 ,",,,mblmismangarh@gmail.com,,2006,4/1/2006 12:00:00 AM,Jeewan Lata,2,B.A. B.Ed,5,3,Secondary School,Provisional,1/4/2016,31/3/2021,BANSI LAL MEMORIAL EDUCATION COMMITTEE MANGARH TEHSIL FATEHPUR DISTT. KANGRA H.P
MEHR CHAND MAHAJAN D A V SENIOR SECONDARY PUBLIC SCHOOL,630035,HIMACHAL PRADESH,KANGRA,BAGHNI NURPUR DISTT. KANGRA HIMACHAL PRADESH,176202,1893,"8894079276 ,",330088,331690,mcmdavps@yahoo.co.in,,1978,7/1/2004 12:00:00 AM,M R Rana,2,"MA,B.Ed,B.Lib.Info SC.",13,13,Senior Secondary,Provisional,1/4/2014,31/ 3/ 2019,MANAGING COMMITTEE
MONTESSORIE CAMBRIDGE SCHOOL,630081,HIMACHAL PRADESH,KANGRA,RAJA-KA-BAGH NEAR JASSUR TEH NURPUR KANGRA HIMACHAL PRADESH,176201,1893,"227528 , 226527",227333,2458339,mcs.school@yahoo.com,http://www.pcsjammu.org,2001,4/1/2005 12:00:00 AM,R K PATHNAIA,2,M A B.Ed,13,24,Senior Secondary,Provisional,1/4/2015,31/ 3/ 2020,HIMALAYAM EDUCATION & RESEARCH
Neugal Public Senior Secondary School,630128,HIMACHAL PRADESH,KANGRA,"v.p.o. Binderaban, Teh. Palampur, Distt Kangra, Himachal Pradesh",176061,1894,"1894232508 ,",6637959,,aseemawasthi1975@gmail.com,,1989,4/1/1989 12:00:00 AM,ASEEM AWASTHI,1,"Msc, B.Ed",10,22,Senior Secondary,Provisional,1/4/2016,31/ 3/ 2021,NEUGAL EDUCATION SOCIETY (Regd
NOORPUR PUBLIC SCHOOL,630091,HIMACHAL PRADESH,KANGRA,NURPUR DISTT KANGRA HIMACHAL PRADESH,176202,1893,"220042 ,",220442,,npsnpr2007@yahoo.co.in,,1992,3/25/1998 12:00:00 AM,PUNAM DOGRA,2,M.A.,10,16,Senior Secondary,Provisional,1/4/2016,31/ 3/ 2021,LAJYAWATI MEM EDU SOC
Paras Public School,630178,HIMACHAL PRADESH,KANGRA,P.O.- Bhawarna,176083,1894,"248897 ,",,01894248897,paraspublicschool786@gmail.com,http://www.paraspublicschool.com/,2006,4/6/2006 12:00:00 AM,NEELAM RANA,0,"M.A., B.ED",10,15,Senior Secondary,Provisional,1/4/2016,31/ 3/ 2021,Paras Public School Educational Society
PARMARTH INTERNATIONAL SCHOOL,630142,HIMACHAL PRADESH,KANGRA,"Mandi Road, KANGRA, TEH. BAIJNATH, HIMACHAL PRADESH",176125,1894,"263158 ,",2291135,,gosw2000@yahoo.com,,1993,4/1/2005 12:00:00 AM,SUBASH GIR SHIV MOHAN,2,"m.a. maths, b.ed.",5,5,Senior Secondary,Provisional,1/4/2019,31/ 3/ 2020,foothills academy
PARTAP WORLD SCHOOL,630193,HIMACHAL PRADESH,KANGRA,"VILLAGE CHANOUR, INDORA, DIST. KANGRA, HIMACHAL PRADESH",176401,1893,"01893-241177, ,",,,pwsindora@gmail.com,http://www.pwsindora.com,2013,4/11/2013 12:00:00 AM,MRS. RAJPUT RENU SINGH,1,"MA , B.ED",2,8,Senior Secondary,Provisional,1/4/2018,31/ 3/ 2021,PARTAP EDUCATION & RESEARCH SOCIETY
Pine Grove International School,630202,HIMACHAL PRADESH,KANGRA,Dheera Palampur Kangra HP,176101,1894,"222862 ,",,01894235311,gemspushap@gmail.com,,2010,4/1/2010 12:00:00 AM,PUSHAP RAJ SONI,0,"Msc zoology,Bed",5,10,Senior Secondary,Provisional,1/4/2017,31/ 3/ 2020,NATIONAL CAREER PUBLIC EDUCATION COMMITTEE
Pinnacle World School,630225,HIMACHAL PRADESH,KANGRA,v.p.o baroh,176054,,"01892-259053 ,",,01892-259053,pwsbaroh@gmail.com,,2014,4/1/2014 12:00:00 AM,Mr.Chaman lal,,M.Sc B.ED,1,3,Middle Class,Provisional,1/4/2017,31/3/2020,Freedom Fighter Education Trust
RAILBOW INTERNATIONAL SCHOOL,630097,HIMACHAL PRADESH,KANGRA,NAGROTA BAGWAN TEH & DISTT KANGRA HIMACHAL PRADESH,176047,1892,"251592 ,",249222,,chhavikashyap@rediffmail.com,,2002,4/2/2008 12:00:00 AM,CHHAVI KASHYAP,2,P.hd,7,10,Senior Secondary,Provisional,1/4/2014,31/ 3/ 2019,DIWAN CHAND MEMO EDU SOC
RAINBOW WORLD SCHOOL,630224,HIMACHAL PRADESH,KANGRA,"Vill Bari, Bhawarna",176083,1894,"247999 ,",,-,meerabhatia304@gmail.com,http://www.rwsbhawarna.com,2014,4/9/2015 12:00:00 AM,MEERA BHATIA,,"M.Sc, B.Ed",5,5,Secondary School,Provisional,1/4/2017,31/3/2020,Rainbow International Society For Education(RISE) Regd.
RANSONS PUBLIC SCHOOL MALGUNI (THURAL),630238,HIMACHAL PRADESH,KANGRA,VILLAGE MALGUNI P.O. THURAL,176107,,"9418386386 ,",,,varun.sharmathural@gmail.com,http://www.ransonsinstitute.com,2007,2/2/2007 12:00:00 AM,Mr.VARUN SHARMA,,MSC B ED,5,7,Secondary School,Provisional,1/4/2018,31/3/2021,RANSONS WELFARE SOCIETY UPPER MARANDA
ROSE PUBLIC SCHOOL,630104,HIMACHAL PRADESH,KANGRA,"V & PO SULIALI TEH NURPUR DISTT KANGRA, HIMACHAL PRADESH",176211,1893,"234870 ,",234270,234170,babsachi@gmail.com,www.rosepublicschool.com,2001,4/2/1994 12:00:00 AM,SANJAY KUMAR SHARMA,1,B.Com. M.Ed.,06,05,Senior Secondary,Provisional,1/4/2018,31/ 3/ 2019,ROSE PUBLIC EDUCATION COMMITTEE
ROSEMARY PUBLIC SCHOOL,630213,HIMACHAL PRADESH,KANGRA,vpo haripur,176028,1970,"265032 ,",,,optimismvivek@rediffmail.com,http://www.rosemarypublicschool.in,2006,4/1/2006 12:00:00 AM,VIVEK KAUNDAL,,"M.A., B.ed.",10,10,Secondary School,Provisional,1/4/2016,31/3/2019,ROSEMARY EDUCATION SOCIETY
S D Public Model School,630207,HIMACHAL PRADESH,KANGRA,VPO Sansarpur Terrace,176501,1970,"256333 ,",,,sdpublicmodelschool@gmail.com,,2001,4/2/2001 12:00:00 AM,Reetu Sharma,2,MSc. MEd,6,10,Secondary School,Provisional,1/4/2015,31/3/2018,Snatan Dharma Education Society
Sacred Soul Cambridge School,630197,HIMACHAL PRADESH,KANGRA,Vill. Road P. O. Panjhara Teh. Nurpur Distt. Kangra H.P.,176051,1893,"204007 ,",,0,sacredsoulcambridgeschool@gmail.com,,2012,4/25/2012 12:00:00 AM,Tarsem Kumar,0,M.Sc.(maths) B.Ed. PGDCA,07,15,Senior Secondary,Provisional,1/4/2017,31/ 3/ 2020,Sacred Soul Cambridge Education Society
Saint Rudraksh Convent School,630190,HIMACHAL PRADESH,KANGRA,"VPO: Barot/Banal, Teh: Fatehpur, Distt: Kangra",176022,1893,"64393 ,",,-,saintrudraksh.conventschool@gmail.com,,2002,4/1/2002 12:00:00 AM,INDU BALA,0,"MA, B.Ed",09,09,Secondary School,Provisional,1/4/2017,31/3/2022,Saint Rudraksh Convent School Barot
samuels english medium school,630157,HIMACHAL PRADESH,KANGRA,"b.p.o.bundla-tea-estate,p.o.palampur",176061,,"01894-232749 ,",,011-45538314,samuelsschool@gmail.com,,1992,4/1/1992 12:00:00 AM,bhuwan sharma,0,"b.s.c , b.ed",5,7,Secondary School,Provisional,1/4/2014,31/3/2019,samuels educational committee
SCHOLAR'S INTERNATIONAL SCHOOL,630117,HIMACHAL PRADESH,KANGRA,"V & P.O. GHURKARI, DISTT. KANGRA, HIMACHAL PRADESH",176001,1892,"265588 ,",,,artee07sis@gmail.com,,1997,3/5/2007 12:00:00 AM,Artee Sharma,1,,,,Senior Secondary,Provisional,1/4/2015,31/ 3/ 2020,THAKUR SINGH MEMORIAL EDUCATION TR
SEA ROCK INTERNATIONAL SCHOOL,630112,HIMACHAL PRADESH,KANGRA,INDIRA JASSUR ROAD VPO INDPUR DISTT KANGRA HIMACHAL PRADESH,176059,0186,"242177 ,",222261,01786-2222,tcsigopalpur@yahoo.com,,1979,7/22/2001 12:00:00 AM,ASHA RANI,2,"MA, B.ED",06,11,Secondary School,Provisional,1/7/2015,31/3/2020,SEA ROCK INT SCHOOL EDU WEL SOC
Shaheed MSM International School,630129,HIMACHAL PRADESH,KANGRA,"Takoli, Tehsil Fatehpur, Distt. Kangra, Himachal Pradesh",176021,1893,"01893256542 ,",,,shaheedmsm@gmail.com,,2005,1/4/2006 12:00:00 AM,MRS. SUMAN SAROJ,1,MA B.Ed.,12,15,Senior Secondary,Provisional,1/4/2018,31/ 3/ 2021,SHAHEED MANMOHAN SINGH MEMORIAL EDUCATION COMMITTEE
SHIVALIK INTERNATIONAL CONVENT SCHOOL,630126,HIMACHAL PRADESH,KANGRA,"DEHRA, DIST KANGRA, HIMACHAL PRADESH",177105,0197,"0289242 ,",,,sharmamonika1113@gmail.com,,1992,1/21/2009 12:00:00 AM,POOJA SHARMA,0,,,,Senior Secondary,Provisional,1/4/2018,31/ 3/ 2023,SHREE SWAMINARAYAN VIDYAVELI SALVAV
Shivalik International Convent School,630203,HIMACHAL PRADESH,KANGRA,"Vill Bhatti-Khoula, P.O & Teh: Jwalamukhi",176031,8988,"255242 ,",,,ankitasharma8630@gmail.com,,2013,4/1/2013 12:00:00 AM,Ankita Sharma,1,"M.A, B.Ed",2,3,Secondary School,Provisional,1/4/2018,31/3/2023,Shivalik International Convent School Society
SHIVALIK PUBLIC SCHOOL,630175,HIMACHAL PRADESH,KANGRA,"V.P.O. GANGATH , TEHSIL NURPUR, DIST. KANGRA",176204,1893,"275555 ,",,,shivalikps.gangath@gmail.com,,1996,3/27/1996 12:00:00 AM,RAMA SHARMA,0,"M.A., B.Ed.",7,8,Secondary School,Provisional,1/4/2016,31/3/2021,"SHIVALIK PUBLIC SCHOOL EDUCATION SOCIETY ,GANGATH, TEHSIL NURPUR , DISTRICT KANGRA"
Shivalika Public School,630192,HIMACHAL PRADESH,KANGRA,"Village- Palhuni, P.O. Bhawarna, Teh- Palampur",176083,1894,"217290 ,",,,guleria.suman14@gmail.com,,2012,4/16/2012 12:00:00 AM,Suman Guleria,0,"Bsc, M.A. English, B.Ed.",0,8,Secondary School,Provisional,1/4/2016,31/3/2019,Shivalika Education & Research Society
SOS TIBETAN CHILDREN'S VILLAGE SCHOOL,630066,HIMACHAL PRADESH,KANGRA,GOPALPUR VILLAGE DARATI PO CHACHIAN DISTT KANGRA HIMACHAL PRADESH,176059,1894,"252391 ,",222261,01786-2222,phunta123@yahoo.co.in,,1979,7/22/2001 12:00:00 AM,PHUNTSOK TASHI,1,"MA, B.ED",06,11,Senior Secondary,Provisional,1/4/2015,31/ 3/ 2020,TIBETAN CHILDREN VILLAGE
"SPRING DALE CONVENT SCHOOL, JAWALI AT PALOURA",630135,HIMACHAL PRADESH,KANGRA,"VILL. PALOURA, P.O. DARKATI, TEH. JAWALI, DISTT. KANGRA (H.P.)",176023,0189,"262352 ,",265755,,mukesh20141974@gmail.com,www.sdesjawali.com,2002,3/25/2002 12:00:00 AM,MUKESH KUMAR,0,"M.sc.,M.Phil.,B.ED",3,5,Senior Secondary,Provisional,1/4/2014,31/ 3/ 2019,SPRINGDALE EDUCATIONAL SOCIETY VPO JAWALI
spring dale school,630164,HIMACHAL PRADESH,KANGRA,vill.bhedu mahadev(marhoon) teh .palampur,176092,0,"09816093093 ,",,,spring9816445566@gmail.com,,2011,4/1/2011 12:00:00 AM,KIRAN THAKUR,2,"MA, M.ED",14,30,Senior Secondary,Provisional,1/4/2017,31/ 3/ 2022,spring dale educational society
THE LAWRENCEVILLE INTERNATIONAL SCHOOL,630245,HIMACHAL PRADESH,KANGRA,VILL THANDOL PO PAHRA TEH PALAMPUR DISTT KANGRA,176087,,"9816061864 ,",,,lispalampur@gmail.com,http://www.lispalampur.in,2016,4/1/2017 12:00:00 AM,MRS. ANKUSH SOOD,1,MSC BED,8,13,Middle Class,Provisional,1/4/2018,31/3/2021,THE LAWRENCEVIILE EDUCATIONAL SOCIETY DATTAL
TIBETAN CHILDREN'S VILLAGE SCHOOL,630011,HIMACHAL PRADESH,KANGRA,DHARAMSALA CANTT KANGRA DISTT HIMACHAL PRADESH,176216,1892,"221266 ,",2610,2458339,principal_utcv@yahoo.co.in,http://www.pcsjammu.org,1960,4/1/2005 12:00:00 AM,NAMDOL TASHI,2,M A B.Ed,13,24,Senior Secondary,Provisional,1/4/2015,31/ 3/ 2020,T C V GOVERNING BODY
TIBETANS CHIDREN'S VILLAGE SCHOOL,630018,HIMACHAL PRADESH,KANGRA,KHUNYARA ROAD LOWER DHARAMSALA HIMACHAL PRADESH,176215,1892,"222337 ,",2097,2458339,chemeybobs@yahoo.co.in,http://www.pcsjammu.org,1984,4/1/2005 12:00:00 AM,Chemey Lhundup,2,M A B.Ed,13,24,Secondary School,Provisional,1/4/2014,31/3/2019,SHIMLA CHANDIGARH EDUCATION SOCYS
Tripta Public School,630185,HIMACHAL PRADESH,KANGRA,"V.P.O.-CHALWARA,TEHSIL-JAWALI",176023,1893,"01893264032, ,",,01893264032,tpsschool2012@gmail.com,http://www.tpseducation.com,2013,4/1/2013 12:00:00 AM,MR. KULDEEP KUMAR,1,M.Sc.( Maths) B.Ed.,04,17,Senior Secondary,Provisional,1/4/2018,31/ 3/ 2021,Shri Sai Educational Society
"Vijay Memorial Sr. Sec. School, Indora",630154,HIMACHAL PRADESH,KANGRA,"Indora, Distt. Kangra (H.P.)",176401,1893,"241256 ,",,,the_veer@outlook.com,,1988,3/2/1988 12:00:00 AM,Prayas Veer Roy,0,B.Sc. B. Ed.,1,8,Senior Secondary,Provisional,1/4/2016,31/ 3/ 2021,"Shiksha Samiti, Indora"
VIVEKA FOUNDATIONS,630139,HIMACHAL PRADESH,KANGRA,VILLAGE AND PO MANSIMBAL TEHSIL PALAMPUR DISTT KANGRA HIMACHAL PRADESH,176083,1894,"200911 ,",,,vivekafoundations@gmail.com,,2005,4/2/2007 12:00:00 AM,KUSUM RANA,0,"MA(ECO), MA(ENG), B.Ed.",08,18,Senior Secondary,Provisional,1/4/2018,31/ 3/ 2023,"Viveka Foundations Educational Society, Mnasimbal, Teh Palampur, Distt Kangra, HP"
DAV CENTENARY PUBLIC SCHOOL,630075,HIMACHAL PRADESH,KINNAUR,REKONG PEO DISTT KINNAUR HIMACHAL PRADESH,172107,1786,"222217 ,",222261,01786-2222,jskaith30@gmail.com,,1986,4/1/2005 12:00:00 AM,Jai Singh Kaith,1,"MA, B.ED",06,11,Senior Secondary,Provisional,1/4/2014,31/ 3/ 2019,DAV COLLEGE TRUST & MGMT SOCIETY
EKLAVYA MODEL RESIDENTIAL SCHOOL,620001,HIMACHAL PRADESH,KINNAUR,NICHAR DISTT KANNAUR H P,172103,1786,"200365 ,",223342,,vipans@rocketmail.com,www.emrskinnaur.org,1986,7/1/1969 12:00:00 AM,VIPAN K SHARMA,0,,,,Senior Secondary,Provisional,1/4/2017,31/ 3/ 2018,HAINAULT EDUCATIONAL SOCIETY
JAWAHAR NAVODAYA VIDYALAYA,640007,HIMACHAL PRADESH,KINNAUR,REKONG PEO DISTT KINNAUR HIMACHAL PRADESH,172107,1786,"222232 ,",2232,,aksrivastava3008@gmail.com,,1987,4/1/1991 12:00:00 AM,ARUN KUMAR SRIVASTAVA,1,,,,Senior Secondary,Provisional,1/4/2019,31/ 3/ 2022,NAVODAYA VIDYALAYA SAMITI
KENDRIYA VIDYALAYA,600019,HIMACHAL PRADESH,KINNAUR,RECKONG PEO DISTT KINNUR HIMACHAL PRADESH,172107,1786,"223473 ,",2570,242258,negiraj.pgt@gmail.com,,2003,1/25/2009 12:00:00 AM,YOG RAJ,1,ma b.ed.,2,28,Senior Secondary,Provisional,1/4/2007,31/ 3/ 2011,kendriya vidyalaya sangathan
ARCHANGEL SCHOOL,630106,HIMACHAL PRADESH,kullu,ROOP PALACE RAGHUNATHPUR KULLU HIMACHAL PRADESH,175101,1902,"225566 ,",223066,,archangelschoolkullu@gmail.com,,1992,4/2/2002 12:00:00 AM,ANUPAMA UPADHYAY,2,,,,Secondary School,Provisional,1/4/2006,31/3/2009,ARCHANGEL EDUCATIONAL SOCIETY
BRAHMRISHI MISSION SCHOOL,630068,HIMACHAL PRADESH,kullu,DEV-VAN JARAR BHUNTAR KULLU HIMACHAL PRADESH,175121,1902,"202151 ,",222261,01786-2222,nthakur1973@gmail.com,,1979,7/22/2001 12:00:00 AM,NARENDER THAKUR,2,"ma, b.ed",06,11,Senior Secondary,Provisional,1/4/2016,31/ 3/ 2021,VISHAV SHIKSHA NIKETAN SANSTHAN
Cambridge International School,630153,HIMACHAL PRADESH,kullu,"NH 21, Mohal Kullu",175126,1902,"260260 ,",2205266,01902-222022,principalcambridgekullu@gmail.com,www.kullu.learningwings.org,2005,3/13/2008 12:00:00 AM,Sapna Katoch,2,M.Sc.M.Ed,22,29,Senior Secondary,Provisional,1/4/2016,31/ 3/ 2021,"Katiani Educational Society, NH-21, Mohal, Kullu"
DELHI PUBLIC SCHOOL,630067,HIMACHAL PRADESH,kullu,HADIMBA ROAD MANALI KULLU HIMACHAL PRADESH,175131,1902,"253500 ,",253227,1902252544,SANDHUSUKHRAM@GMAIL.COM,,1988,4/2/2001 12:00:00 AM,SUKHRAM SINGH SANDHU,1,MA B.Ed,9,18,Senior Secondary,Provisional,1/4/2009,31/ 3/ 2019,DUFFDON EDUCATIONAL SOC
DR DEVI CHAND D A V PUBLIC SCHOOL,630047,HIMACHAL PRADESH,kullu,MOHAL DISTT KULLU HIMACHAL PRADESH,175126,1902,"260535 ,",01905-260699,01902-2601,sanashu23@gmail.com,,1972,4/1/2009 12:00:00 AM,Anshu Sood,1,MA B.Ed.,17,13,Senior Secondary,Provisional,1/4/2018,31/ 3/ 2020,DAV COLLEGE MANAGING COMMITTEE N DELHI
Holy Angels School,630147,HIMACHAL PRADESH,kullu,v.p.o shamshi teh.& distt. kullu h.p india,175126,1902,"265029 ,",,,has_3shamshi@rediffmail.com,,2000,3/1/2001 12:00:00 AM,SAPNA THAKUR,0,b.a b.ed,7,8,Secondary School,Provisional,1/4/2018,31/3/2023,"Holy Angels Shiksha Samiti, Tegubehar Shamshi Teh & Distt Kullu (H.P)"
jawahar navodaya vidyalaya,640012,HIMACHAL PRADESH,kullu,"bandrol, dist kullu, himachal pradesh",175128,1902,"244401 ,",09855724234,,brightjohn45@gmail.com,,1991,4/1/1991 12:00:00 AM,J R BRIGHT JOHN,0,,,,Senior Secondary,Provisional,1/4/2016,31/ 3/ 2019,navodaya vidyalaya samiti
KENDRIYA VIDYALAYA,600021,HIMACHAL PRADESH,kullu,NHPC (PHEP) SAINJ KULLU HIMACHAL PRADESH,175134,1903,"220077 ,",21962,,lakshminegi7@gmail.com,,1993,1/25/2009 12:00:00 AM,LAKSHMI NEGI,1,,,,Senior Secondary,Provisional,1/4/2016,31/ 3/ 2021,Kendriya Vidyalaya Sangathan
LA MONTESSORI SCHOOL,630101,HIMACHAL PRADESH,kullu,"VILL KELHELI PO BAJAURA DISTT KULLU, HIMACHAL PRADESH",175125,1902,"267626 ,",222626,,lms_lk@yahoo.co.in,,1979,7/22/2001 12:00:00 AM,LALITA KANWAR,2,"M.A.,B.Ed",13,20,Senior Secondary,Provisional,1/4/2015,31/ 3/ 2020,HIDIMBA EDUCATIONAL SOCIETY
La Montessori School,630162,HIMACHAL PRADESH,kullu,Vill. Dunkhra P.O. Jari Teh. & Distt.Kullu,175125,1902,"222626 ,",,,aartishrm1808@gmail.com,,2009,3/19/2009 12:00:00 AM,ARTI SHARMA,2,,,,Secondary School,Provisional,1/4/2015,31/3/2020,Hidimba Educational Society
MAXX INTERNATIONAL SCHOOL,630212,HIMACHAL PRADESH,kullu,NH-21 VPO JIA,175125,91,"9805979100 ,",,,maxxinternationalschool@gmail.com,http://www.maxxinternational.org,2014,3/3/2014 12:00:00 AM,GAURAV RASTOGI,,"M.A., B.ED",10,10,Secondary School,Provisional,1/4/2016,31/3/2019,S.J.S. EDUCATIONAL SOCIETY
SAMBHOTA TIBETAN HIGH SCHOOL,630090,HIMACHAL PRADESH,kullu,PARGANOU PO BHUNTAR DISTT KULLU HIMACHAL PRADESH,175125,01902,"267264 ,",01902-265736,265736,stsbhuntar@yahoo.co.in,www.stshsbhuntar.org,2002,3/16/2005 12:00:00 AM,Mr. MR.TSERING DHONDUP,1,B.Sc B.Ed E.D Denmark,19,10,Secondary School,Provisional,1/4/2008,31/3/2013,THE TIBETAN CHILDREN'S EDU & WEL TR
JAWAHAR NAVODAYA VIDYALAYA,640011,HIMACHAL PRADESH,LAHAUL & SPITI,KAZA DISTT LAHAUL SPITTI HIMACHAL PRADESH,172114,1906,"222738 ,",86139,,negicharasnsg@gmail.com,,1993,4/1/1991 12:00:00 AM,RATTAN SINGH NEGI,2,M.A.,5,30,Secondary School,Provisional,1/4/2017,31/3/2019,Navodaya Vidyalaya Samiti
kendriya vidyalaya,600022,HIMACHAL PRADESH,LAHAUL & SPITI,"keylong. distt. lahaul & spiti, himachal pradesh",175132,1900,"222972 ,",3001316,,mickeyjcksu699@gmail.com,,1987,4/1/2005 12:00:00 AM,SUNIL KUMAR,0,,,,Senior Secondary,Provisional,1/4/2013,31/ 3/ 2016,kendriya vidyalaya sangathan
Angel's public school,630165,HIMACHAL PRADESH,MANDI,"chougan, purana bazar Sunder nagar mandi",174004,1907,"262790 ,",,01907262789,tosarookaushal@gmail.com,,2003,4/1/2003 12:00:00 AM,Saroo kaushal,0,"M.A. school edu., B.ed",7,7,Secondary School,Provisional,1/4/2015,31/3/2020,Pushpa Memorial Educational Society
B S L GOVT SR. SEC. MODAL SCHOOL,620104,HIMACHAL PRADESH,MANDI,"BSL PROJECT SUNDAR NAGAR, TOWNSHIP, DISTT. MANDI, HIMACHAL PRADESH",174402,01907,"01907262271 ,",28710,,mbncoll@ap.nic.in,,1981,,MRS. PRAVEEN KALIA,0,,,,Senior Secondary,Provisional,1/4/2016,31/ 3/ 2021,direct of sikkim
B.L. CENTRAL PUBLIC SCHOOL,630221,HIMACHAL PRADESH,MANDI,P.O. KARSOG,175011,1907,"221885 ,",,01907-221885,monika_g77@rediffmail.com,,2013,4/1/2013 12:00:00 AM,MONIKA GUPTA,,"MA( ENG), MSc( MATHS), MEd",03,13,Secondary School,Provisional,1/4/2017,31/3/2020,M M EDUCATION SOCIETY
BHARTIYA MODEL SCHOOL,630199,HIMACHAL PRADESH,MANDI,VPO PADHAR (DALAH)MANDI HIMACHAL PRADESH,175012,1908,"260045 ,",,,titanam17213@gmail.com,,2002,4/1/2002 12:00:00 AM,Poonam Sharma,0,B.A. B.Ed,5,30,Secondary School,Provisional,1/4/2018,31/3/2019,unique education society padhar
Chail Public School,630205,HIMACHAL PRADESH,MANDI,"Naogrown (Chail CHowk) Teh., Chachiot, Distt. Mandi H.P.",175039,1907,"250405 ,",,01907-250407,tandiyaljeevan590@gmail.com,http://abhilashi-edu.in,2014,1/4/2014 12:00:00 AM,Jeevan lal Tandiyal,0,"MA, Mathematics B.Ed",5,22,Senior Secondary,Provisional,1/4/2018,31/ 3/ 2020,Abhilashi Educational Society
D A V CENTENARY PUBLIC SCHOOL,630023,HIMACHAL PRADESH,MANDI,JAWAHAR NAGAR MANDI HIMACHAL PRADESH,175001,1905,"236229 , 36229",36130,0190523732,k.s.guleria77@gmail.com,,1985,6/1/2005 12:00:00 AM,KULDEEP SINGH,1,M.Sc. B.Ed.,0,13,Senior Secondary,Provisional,1/4/2013,31/ 3/ 2018,D A V COLLEGE MANAGING COMMITTEE DE
DAV PUBLIC SCHOOL,630074,HIMACHAL PRADESH,MANDI,GREOH PO KANGO KA GEHRA SARKGHAT MANDI HIMACHAL PRADESH,175024,1905,"278059 ,",01799-221121,221121,sanjeevthakur9099@gmail.com,,1988,3/1/2004 12:00:00 AM,SANJEEV THAKUR,2,"MA, B.Ed.",7,19,Senior Secondary,Provisional,1/4/2018,31/ 3/ 2023,DAV COLLEGE MANAGING COMMITTEE
DAV PUBLIC SCHOOL,630102,HIMACHAL PRADESH,MANDI,SUNDER NAGAR DISTT MANDI HIMACHAL PRADEH,380061,1907,"267014 , 267108",01832210230,2711913,mohit_chug@yahoo.com,,2003,6/2/2003 12:00:00 AM,MOHIT CHUG,2,M.A. M.Ed.,5,16,Senior Secondary,Provisional,1/4/2017,31/ 3/ 2019,DAV COLLEGE TRUST & MGMT SOCIETY
genius international public school,630109,HIMACHAL PRADESH,MANDI,nerchowk distt mandi himachal pradesh,175008,1905,"243239 ,",248139,,soailrajesh@yahoo.co.in,,2001,7/5/2010 12:00:00 AM,Rajesh soail,1,"m.sc.,m.ed.,ph.d",25,34,Senior Secondary,Provisional,1/4/2014,31/ 3/ 2019,abhilashi educational soceity
GOVT. BSL SR SEC SCHOOL,620103,HIMACHAL PRADESH,MANDI,"SLAPPER, DISTT MANDI",174402,1907,"286645 ,",28710,,govt.bslsch.2009@gmail.com,,1981,,ANIL KUMAR SHARMA,0,,,,Senior Secondary,Provisional,1/4/2011,31/ 3/ 2016,DIRECTOR OF SIKKIM
GOVT. BSL SR SEC SCHOOL,620101,HIMACHAL PRADESH,MANDI,"PANDOH, DISTT MANDI",175124,1905,"282064 ,",28710,,vijaydania1961@gmail.com,,1981,6/5/2000 12:00:00 AM,VIJAY KUMAR DANIA,0,,,,Senior Secondary,Provisional,1/4/2016,31/ 3/ 2019,DIRECTOR OF SIKKIM
GOVT. BSL SR SEC SCHOOL,620102,HIMACHAL PRADESH,MANDI,"SUNDER NAGAR, DISTT MANDI",174402,1907,"262249 ,",28710,,govtbslschool.snr1@gmail.com,,1981,4/1/1991 12:00:00 AM,ASHA KUNDAL,0,,,,Senior Secondary,Provisional,1/4/2016,31/ 3/ 2021,DIRECTOR OF SIKKIM
"INDUS GLOBAL SCHOOL,",630155,HIMACHAL PRADESH,MANDI,"VILLAGE JARLI, PO DUDAR, GAGAL ROAD, SADAR MANDI,",175001,1905,"223500 ,",,,principaligsi@gmail.com,http://www.indusworldschool.com,2008,4/7/2008 12:00:00 AM,MADAN LAL,0,"M Com, B Ed",5,7,Senior Secondary,Provisional,1/4/2018,31/ 3/ 2023,Onam Educational Society
JAWAHAR NAVODAYA VIDYALAYA,640003,HIMACHAL PRADESH,MANDI,PANDOH MANDI DISTT HIMACHAL PRADESH,175124,1905,"282046 ,",82046,,rajratan410@gmail.com,,1986,4/1/1991 12:00:00 AM,RAJ RATAN TIWARI,2,M.A.,5,30,Senior Secondary,Provisional,1/4/2018,31/ 3/ 2019,NAVODAYA VIDYALAYA SAMITI
KENDRIYA VIDYALAYA,600012,HIMACHAL PRADESH,MANDI,KHALIAR JAWAHAR NAGAR DISTT. MANDI HIMACHAL PRADESH,175001,1905,"236054 ,",23141,,surgeeta@gmail.com,,1986,4/1/1991 12:00:00 AM,SANGEETA SHARMA,2,,,,Senior Secondary,Provisional,1/4/2015,31/ 3/ 2019,KENDRIYA VIDYALAYA SANGATHAN
Mahavir Public School,630145,HIMACHAL PRADESH,MANDI,"Pungh, Sunder Nagar",174401,1907,"266099 ,",26969625,01907266099,anuradhajain1315@gmail.com,http://www.mahavirpublicschool.org,2004,4/16/2004 12:00:00 AM,Anuradha Jain,0,B.E. Electronic,07,10,Senior Secondary,Provisional,1/4/2018,31/ 3/ 2023,Mahavir Education Society
Mount Maurya International,630189,HIMACHAL PRADESH,MANDI,"JHALWAN, JOGINDER NAGAR",175015,1908,"223144 ,",,01908222473,roopthakur53@gmail.com,http://www.mountmaurya.com,2012,4/16/2012 12:00:00 AM,ROOP CHAND THAKUR,0,MA. BED.,7,18,Senior Secondary,Provisional,1/4/2016,31/ 3/ 2019,PREM PARWATI EDUCATIONAL SOCIETY
R.K. International School,630188,HIMACHAL PRADESH,MANDI,"Vill. & PO Nabhai,",175024,1905,"230274 ,",,,sksharma110@gmail.com,http://www.rkis.in,2013,4/8/2013 12:00:00 AM,Surender Kumar Sharma,0,M.A. B.Ed M.Phil,18,21,Senior Secondary,Provisional,1/4/2016,31/ 3/ 2019,RK Educational and Social Welfare Society
Sambhota Tibetan School,630120,HIMACHAL PRADESH,MANDI,Chauntra Distt. Joginder Nagar Mandi (H.P.),175032,1908,"252518 ,",,,chauntrasts@gmail.com,www.stschauntra.org,1978,4/1/2005 12:00:00 AM,BHUTUK SHASTRI,1,,,,Secondary School,Provisional,1/4/2016,31/3/2021,Tibetan Children Education and Wlefare Fund
St. Mary's High School,630015,HIMACHAL PRADESH,MANDI,Sunder Nagar Mandi Distt Himachal Pradesh,174401,1907,"266421 ,",202703,,smarys329@gmail.com,,1976,7/22/2001 12:00:00 AM,ROSILIN,2,"M.A., B.Ed",13,20,Senior Secondary,Provisional,1/4/2014,31/ 3/ 2019,shimla chandigarh education socys
ST. XAVIER'S RESIDENTIAL SCHOOL,630136,HIMACHAL PRADESH,MANDI,"KOT, P.O. CHUNAHAN, SADAR, DISTT. MANDI",175001,1905,"244366 ,",,,payal.sharmakashyap@gmail.com,,1988,4/25/1988 12:00:00 AM,Payal Sharma,0,,,,Senior Secondary,Provisional,1/4/2011,31/ 3/ 2014,DAV College Managing Committe New Delhi
Takshila,630223,HIMACHAL PRADESH,MANDI,Village Tariandi PO Bijni,175001,1905,"7018501861 ,",,,principaldesk@takshilainternationalschool.com,http://www.takshilainternational.com,2009,4/6/2009 12:00:00 AM,Babita Verma,,M.A B.Ed,1,9,Secondary School,Provisional,1/4/2017,31/3/2020,Takshshila Educational Society
The Phoenix School of Integrated Learning,630161,HIMACHAL PRADESH,MANDI,,175006,1905,"247347 ,",,,thephoenixmandi@gmail.com,http://www.thephoenixmandi.in,2010,4/1/2010 12:00:00 AM,RAKESH KUMAR,1,MA B.Ed.,5,7,Senior Secondary,Provisional,1/4/2018,31/ 3/ 2021,JAI SHIV SHAKTI EDUCATIONAL SOCIETY
TIBETAN CHILDREN'S VILLAGE SCHOOL,630116,HIMACHAL PRADESH,MANDI,LOWER CHANTRA JOGINDER NAGAR MANDI HIMACHAL PRADESH,175032,1908,"251683 , 210271",222261,01786-2222,passang123@gmail.com,,1979,7/22/2001 12:00:00 AM,PASSANG TSERING,1,"MA, B.ED",06,11,Secondary School,Provisional,1/4/2015,31/3/2020,TIBETAN CHILDREN VILLAGE
TIBETAN CHILDREN'S VILLAGE SCHOOL,630079,HIMACHAL PRADESH,MANDI,SUJA PO MATROO DISTT MANDI HIMACHAL PRADESHHP,175032,1908,"252799 , 252799",9910952225,,tharchinkarma@yahoo.com,lotusvalley.com,1986,6/3/2002 12:00:00 AM,KARMA SHERAP THARCHIN,2,MA. MEd.,18,35,Senior Secondary,Provisional,1/4/2016,31/ 3/ 2021,TIBETAN CHILDREN VILLAGES SCH
Aryan Public School,630137,HIMACHAL PRADESH,shimla,"PO Suni,Rev. vill. Gharyana ,Teh.Suni",171301,0177,"2786615 ,",241465,0177-2786615,asthacaresuni@gmail.com,,2006,4/17/2006 12:00:00 AM,Saroj Chauhan,1,"B.A , B.Ed",10,20,Senior Secondary,Provisional,1/4/2016,31/ 3/ 2019,Astha Welfare & Service Association
CENTRAL SCHOOL FOR TIBETANS,690001,HIMACHAL PRADESH,shimla,"SHIMLA, HIMACHAL PRADESH",171002,0177,"2620677 ,",5272,2466171,1957vksingh@gmail.com,http://www.kv2kota.org,1963,8/12/2007 12:00:00 AM,VINOD KUMAR SINGH,1,M. Sc.,03,30,Senior Secondary,Provisional,1/4/2018,31/ 3/ 2019,CENTRAL TIBETAN SCHOOLS ADMN N DLI
Chapslee School,630070,HIMACHAL PRADESH,shimla,Elysium Hill Shimla Himachal Pradesh,171001,0177,"2802542 ,",202542,2458339,sdsudershan3@gmail.com,http://www.pcsjammu.g,0000,4/1/2005 12:00:00 AM,SUDERSHAN DOGRA,2,m a b.ed,13,24,Senior Secondary,Provisional,1/4/2014,31/ 3/ 2019,the chapslee educational society
CONVENT OF JESUS AND MARY,630149,HIMACHAL PRADESH,shimla,SIMLA,171002,0177,"2841394 ,",,01772842247,SHYMAJOSE@REDIFFMAIL.COM,,1864,3/2/2009 12:00:00 AM,SHYMA V JOSE,0,"M.A, B.ED.",18,25,Senior Secondary,Provisional,1/4/2010,31/ 3/ 2013,SIMLA JESUS AND MARY EDUCATIONAL SOCIETY
D A V PUBLIC SCHOOL,630046,HIMACHAL PRADESH,shimla,"KHANERI, RAMPUR BUSHAR DISTT SHIMLA HIMACHAL PRADESH",172001,1782,"233178 ,",33158,,principal.davrampur@gmail.com,,1985,5/5/2003 12:00:00 AM,VIJAY VERMA,1,,,,Senior Secondary,Provisional,1/4/2018,31/ 3/ 2019,DAV COLLEGE MONAGING COMMITTEE N D
D A V PUBLIC SCHOOL,630034,HIMACHAL PRADESH,shimla,PHASE II SECTOR IV NEW SHIMLA HIMACHAL PRADESH,171009,0177,"2670976 ,",202703,,aruna53@rediffmail.com,,1979,7/22/2001 12:00:00 AM,ANURADHA SHARMA,2,"M.A.,B.Ed",13,20,Senior Secondary,Provisional,1/4/2015,31/ 3/ 2020,DAV COLLEGE MANG. COMMTT.
D A V SENIOR SECONDARY PUBLIC SCHOOL,630059,HIMACHAL PRADESH,shimla,"LAKKAR BAZAR SHIMLA, HIMACHAL PRADESH",171001,0177,"2653197 ,",,,berikamna@gmail.com,,1934,7/1/1998 12:00:00 AM,KAMNA BERI,1,,,,Senior Secondary,Provisional,1/4/2014,31/ 3/ 2019,D A V COLLEGE MANAGING COMMITTEE N DELHI
DAV CENTENARY PUBLIC SCHOOL,630082,HIMACHAL PRADESH,shimla,CHOPAL DISTT SHIMLA HIMACHAL PRADESH,171211,0178,"260407 ,",260005,01572-250785,meenanegi856@gmail.com,http://www.princeacademysikar.com,1986,1/19/2005 12:00:00 AM,Meena Negi,1,"M.Sc.,B.Ed.",2,5,Secondary School,Provisional,1/4/2012,31/3/2017,DAV COLLEGE TRUST AND MGMT SOC
DAV CENTENARY PUBLIC SCHOOL,630076,HIMACHAL PRADESH,shimla,DISTT KOTKHAI SHIMLA HIMACHAL PRADESH,171002,1783,"255132 , 255132",,,kotkhaidav@yahoo.com,,1986,4/1/2005 12:00:00 AM,RAMESH SHARMA,1,,,,Senior Secondary,Provisional,1/4/2015,31/ 3/ 2020,DAV COLLGE TRUST & MGMT COMM
DAV MAHATMA ANAND SWAMI PUBLIC SCHOOL TOTU SHIMLA,630231,HIMACHAL PRADESH,shimla,AIRPORT ROAD,171011,,"0177-2837277 ,",,0177-2837577,dav_tutu_shimla@yahoo.co.in,http://www.davtotu.org,1994,3/11/1994 12:00:00 AM,Mrs.JEEVAN JYOTI,,"B.SC., M.A., B.ED",22,5,Secondary School,Provisional,1/4/2017,31/3/2020,DAV COLLEGE TRUST AND MANAGEMENT SOCIETY NEW DELHI
DAV PUBLIC SCHOOL,630093,HIMACHAL PRADESH,shimla,KUMARSAIN TEH & PO KUMARSAIN DISTT SHIMLA HIMACHAL PRADESH,172029,1782,"240120 ,",311254,,davksain@gmail.com,,1992,4/2/2002 12:00:00 AM,Hamender Kumar,1,,,,Secondary School,Provisional,1/4/2018,31/3/2019,DAV COLLEGE MANAGING COMMITTEE
DAV PUBLIC SCHOOL,630095,HIMACHAL PRADESH,shimla,SARASWATI NAGAR SAWRA PO HATKOTI TEH JUBBAL DISTT SHIMLA HIMACHAL PRADESH,171206,0178,"238185 , 238564",01781-238564,238185,dav_saraswati_nagar@yahoo.com,,1988,6/1/2001 12:00:00 AM,SUNIL GANGTA,1,M.A. B. Ed.,10,16,Senior Secondary,Provisional,1/4/2017,31/ 3/ 2022,DAV COLLEGE TRUST & MGMT SOC
DAYANAND PUBLIC SCHOOL,630030,HIMACHAL PRADESH,shimla,THE MALL SHIMLA HIMACHAL PRADESH,171003,0177,"2653530 ,",2652426,,dpssml@yahoo.co.in,,1984,7/22/2001 12:00:00 AM,ANUPAM,2,,,,Senior Secondary,Provisional,1/4/2014,31/ 3/ 2019,DAV COLLEGE MANAGING COMMITTEE DELH
DELHI PUBLIC SCHOOL,630050,HIMACHAL PRADESH,shimla,N J P C JHAKRI RAMPUR BUSHAR DISTT. SHIMLA HIMACHAL PRADESH,172201,1782,"275293 ,",,,k_damanjit@yahoo.com,,2003,6/1/2005 12:00:00 AM,DAMANJIT KAUR,1,"BA, LLB,BEd",10,10,Senior Secondary,Provisional,1/4/2018,31/ 3/ 2023,LITTLE STARS EDUCATIONAL TRUST (R)
H.P.UNIVERSITY MODEL SCHOOL,630141,HIMACHAL PRADESH,shimla,SUMMERHILL SHIMLA - 5 H.P.,171005,0177,"2831889 ,",01392-295300,,umesh_moudgil@hotmail.com,www.hpums.org,1992,3/1/1992 12:00:00 AM,UMESHMOUDGIL,2,PH.D.(MATHS),9,14,Secondary School,Provisional,1/4/2012,31/3/2017,H.P.University
HAINAULT PUBLIC SCHOOL,630088,HIMACHAL PRADESH,shimla,CHOOTA SHIMLA SHIMLA HIMACHAL PRADESH,171002,0177,"2623068 , 2623947",,,1986hps@gmail.com,"www.hainaultpublicschool,in",1986,7/1/1969 12:00:00 AM,RITU PAL,1,M.A.B.Ed,23,26,Senior Secondary,Provisional,1/4/2017,31/ 3/ 2022,HAINAULT EDUCATIONAL SOCIETY
HILL GROVE PUBLIC SCHOOL,630062,HIMACHAL PRADESH,shimla,"SHEETAL KUNJ ESTATE BRANCH PO KAMLA NAGAR SANJAULI SHIMLA, HIMACHAL PRADESH",171006,01899,"244802 ,",42270,2458339,principal@davavn.com,http://www.pcsjammu.g,1992,4/1/2005 12:00:00 AM,MINAKSHI THAKUR,2,m a b.ed,13,24,Senior Secondary,Provisional,1/4/2014,31/ 3/ 2019,SHIMLA EDNL. SOCIETY TRUST
IVY International School,630232,HIMACHAL PRADESH,shimla,"IVY City, P.O. - Kamla Nagar (Bhattakufar), Sanjauli, Shimla.",171006,,"01772844088 ,",,,principalivysml@gmail.com,http://www.ivyshimla.com/,2015,3/24/2015 12:00:00 AM,Mrs.Madhu Dogra,,"B.A. , M.Ed.",8,15,Secondary School,Provisional,4/1/2017,31/3/2020,Sanvi Education Society
J C B SR SEC SCHOOL,630108,HIMACHAL PRADESH,shimla,SECTOR 3 NEW SHIMLA HIMACHAL PRADESH,171009,0177,"2671744 , 2671948",223066,,abali44@yahoo.com,,1995,7/4/2018 12:00:00 AM,REKHA BALI,0,,,,Senior Secondary,Provisional,1/4/2014,31/ 3/ 2019,JAGAT CHAND BHARDWAJ MEM EDU SOC
JAWAHAR NAVODAYA VIDYALAYA,640002,HIMACHAL PRADESH,shimla,THEOG DISTT SHIMLA HIMACHAL PRADESH,171201,1783,"238248 ,",86139,,sumansansui@gmail.com,,1986,4/1/1991 12:00:00 AM,SUMAN KUMAR,1,M.A.,5,30,Senior Secondary,Provisional,1/4/2018,31/ 3/ 2019,NAVODAYA VIDYALAYA SAMITI
JEORI PUBLIC SCHOOL,630087,HIMACHAL PRADESH,shimla,VILL & PO JEORI TEHSIL RAMPUR DISTT SHIMLA HIMACHAL PRADESH,172101,1782,"278440 , 278240",07775-278685,278606,skmishra_akr@rediffmail.com,,1995,3/16/2005 12:00:00 AM,MRS ANITA NEGI,2,"M.Sc Physics, B.Ed",13,25,Secondary School,Provisional,1/4/2018,31/3/2023,JEORI PUB SCH EDU SOC
KENDRIYA VIDYALAYA,600001,HIMACHAL PRADESH,shimla,JAKHOO HILLS SHIMLA HIMACHAL PRADESH,171002,0177,"2650240 ,",6100,2580425,mohitguptasolan@gmail.com,,1964,4/1/1991 12:00:00 AM,MOHIT GUPTA,1,m.a. ph.d. m.ed.,09,29,Senior Secondary,Provisional,1/4/2019,31/ 3/ 2024,KENDRIYA VIDYALAYA SANGATHAN
KENDRIYA VIDYALAYA,600013,HIMACHAL PRADESH,shimla,JUTOGH CANTT SHIMLA HIMACHAL PRADESH,171008,0177,"2838415 , 23060",0177-2837239,,VCRREV70@GMAIL.COM,,1989,4/1/1991 12:00:00 AM,VIR CHAND,1,M. SC.,0,8,Senior Secondary,Provisional,1/4/2019,31/ 3/ 2024,KENDRIYA VIDYALAYA SANGATHAN
KENDRIYA VIDYALAYA,600016,HIMACHAL PRADESH,shimla,ITBP SARAHAN SHIMLA DISTT HIMACHAL PRADESH HIMACHAL PRADESH,172034,1782,"273096 ,",63780,,balwantsinghdelhi73@gmail.com,,1994,4/1/2005 12:00:00 AM,Balwant Singh,1,M. SC.,0,8,Senior Secondary,Provisional,1/4/2017,31/ 3/ 2020,Kendriya Vidyalaya Sangathan
LAUREATE PUBLIC SCHOOL,630045,HIMACHAL PRADESH,shimla,BRANCE PETH BHARARI SHIMLA HIMACHAL PRADESH,171001,0177,"2804065 ,",6408,2804065,laureate93@gmail.com,,1992,8/12/2007 12:00:00 AM,MEERA SINGH,2,"m.scbot,b.ed,ph.d",20,25,Senior Secondary,Provisional,1/4/2014,31/ 3/ 2019,LAUREATE EDU.SOCEITY
Loreto Convent,630148,HIMACHAL PRADESH,shimla,"Loreto Convent, Tara Hall, Upper Kaithu",171003,0177,"2652355 ,",,,loretoshimla@yahoo.com,,1894,3/19/1894 12:00:00 AM,STEPHANIE RODRIGUES,0,"M.A., M.S. B.ed",14,20,Senior Secondary,Provisional,1/4/2013,31/ 3/ 2018,SIMLA LORETO EDUCATIONAL SOCIETY
MOUNT SHIVALIK PUBLIC SCHOOL,630133,HIMACHAL PRADESH,shimla,"VPO- JUBERHATTI, SHIMLA, HIMACHAL PRADESH",171013,0177,"2736922 ,",9418342111,2736340,bhartimahender@yahoo.co.in,www.msps.co.in,2004,7/14/2004 12:00:00 AM,BHARTI SHARMA,2,,,,Senior Secondary,Provisional,1/4/2018,31/ 3/ 2023,MOUNT SHIVALIK EDUCATIONAL SOCIETY
Princeton School,630169,HIMACHAL PRADESH,shimla,"Phase - III, Sector - 5, New shimla",171009,,"0177-2673255 ,",,0177-2673255,psshimla@gmail.com,http://www.princetonschool.in,2010,2/22/2010 12:00:00 AM,Dr.Prakash Dulta,0,"M.Sc, M.Phil, PhD",15,20,Middle Class,Provisional,1/4/2013,31/3/2016,UMES
RAJA DALIP SINGH MEMORIAL PUBLIC SCHOOL,630114,HIMACHAL PRADESH,shimla,HAJOB DHAMI SHIMLA HIMACHAL PRADESH,175024,0177,"2790101 ,",01799-221121,221121,monikasolan79@gmail.com,,1988,3/1/2004 12:00:00 AM,MONIKA GUPTA,1,"MA, B.Ed.",7,19,Secondary School,Provisional,1/4/2015,31/3/2020,SIDHI VINAKYAK EDU & RES & TRA SOC
rashtriya military school,680005,HIMACHAL PRADESH,shimla,chail shimla hills himachal pradesh,173217,,",",,,,,,,-,0,,,,Senior Secondary,Provisional,1/4/2013,31/ 3/ 2018,
roots country school,630183,HIMACHAL PRADESH,shimla,post office baghi tehsil kotkhai district shimla,171225,091,"9816080233 ,",,,rcssunil@gmail.com,http://www.rootscountryschool.com,2003,3/10/2003 12:00:00 AM,KRITI ROTHA,1,B.A B.Ed,6,8,Senior Secondary,Provisional,1/4/2017,31/ 3/ 2022,Society for Education and Envoirmental Development
Sacred Heart Convent,630151,HIMACHAL PRADESH,shimla,"Fleur - De- LYS, Dhalli, Shimla",171012,0177,"2645907 ,","9450292314, 9450292314",,jacinthanoronha@yahoo.in,,2008,3/20/2008 12:00:00 AM,Sr. Latitia Cardoza,0,,16,25,Senior Secondary,Provisional,1/4/2016,31/ 3/ 2021,DAUGHTERS OF THE SACRED HEART EDUCATIONAL SOCIETY
Saraswati Paradise International Public School,630180,HIMACHAL PRADESH,shimla,H.B. Colony Sanjauli(Shimla),171006,0177,"2844840 ,",,,mandeeprana08@yahoo.co.in,http://www.saraswatieducationalinstitutions.com,2011,3/1/2012 12:00:00 AM,Mandeep Rana,0,B.A.Honors,28,10,Senior Secondary,Provisional,1/4/2016,31/ 3/ 2021,Paramount Public School Educational Society
SARASWATI VIDYA MANDIR,630083,HIMACHAL PRADESH,shimla,HIM RASHMI PARISAR VIKAS NAGAR SHIMLA HIMACHAL PRADESH,171009,0177,"2622308 ,",260005,01572-250785,mahavir.verma07@gmail.com,http://www.princeacademysikar.com,1994,1/19/2005 12:00:00 AM,Mahavir Verma,1,"m.sc.,b.ed.",2,5,Senior Secondary,Provisional,1/4/2016,31/ 3/ 2021,HIMACHAL SHIKSHA SAMITI
SHIMLA PRESIDENCY SCHOOL,630194,HIMACHAL PRADESH,shimla,"HARI DEVI, GHANAHATTI, SHIMLA-11",171011,0177,"2774018 ,",,0177-2655611,shimlapresidencyschool@gmail.com,http://www.shimlapresidencyschool.org,2014,2/24/2014 12:00:00 AM,Narvir Kaur,0,"MSc. MPhil (Physics), MEd, MPhil (Education) PhD.",15,25,Senior Secondary,Provisional,1/4/2017,31/ 3/ 2020,MATA BHAKTI DEVI WELFARE SOCIETY(Regd.)
Springdale,630218,HIMACHAL PRADESH,shimla,VPO Khaneri,172001,1782,"233877 ,",,01782233176,springdalerampur@gmail.com,,2003,4/15/2003 12:00:00 AM,Manish Anand,,"M.A, B.Ed",5,15,Secondary School,Provisional,1/4/2016,31/3/2019,Nav Chetna Educational Society
Sri Sathya Sai School,630152,HIMACHAL PRADESH,shimla,"Anand Vilas Post Office Beolia, Shimla 171009",171009,0177,"2751377 ,",,0177-2751377,ranidutt_9@yahoo.in,,2007,5/21/2007 12:00:00 AM,Rani Dutt,0,"M. A., B. Ed",15,37,Secondary School,Provisional,1/4/2014,31/3/2019,Sri Sathya Sai Trust HP
ST BEDE'S COLLEGE,630103,HIMACHAL PRADESH,shimla,"NAV BAHAR, DISTT SHIMLA, HIMACHAL PRADESH",171002,0177,"2842304 ,",01832210230,2711913,rajivsharma644@rediffmail.com,,2003,6/2/2003 12:00:00 AM,SR MELBA RODRIGUES,2,m.a. m.ed.,5,16,Senior Secondary,Provisional,1/4/2009,31/ 3/ 2012,ST BEDE'S EDUCATIONAL SOCIETY
ST. EDWARD'S SCHOOL,630134,HIMACHAL PRADESH,shimla,"MISINGTON, DISTT. SHIMLA, HIMACHAL PRADESH",171001,0177,"2624542 ,",2043,,franils@yahoo.co.in,www.stedwardsshimla.org,1847,4/1/2005 12:00:00 AM,Anil Sequeira,0,,,,Senior Secondary,Provisional,1/4/2017,31/ 3/ 2022,LAWRENCE SCHOOL SOCIETY
ST. MARY'S CONVENT SCHOOL,630014,HIMACHAL PRADESH,shimla,KASAULI SHIMLA HILLS HIMACHAL PRADESH,173204,1792,"272044 ,",2178,2458339,nirmalet4@gmail.com,http://www.pcsjammu.org,1958,4/1/2005 12:00:00 AM,NIRMALA JOHN,2,M A B.Ed,13,24,Senior Secondary,Provisional,1/4/2014,31/ 3/ 2019,SISTERS OF THE PESTITUTE EDUCATION
St. Thomas School,630143,HIMACHAL PRADESH,shimla,Near ARTRAC,171003,0177,"2656507 ,",05683282041,0177 2656507,rvidhupriyac@gmail.com,,1924,3/3/1924 12:00:00 AM,VIDHUPRIYA CHAKRAVARTY,1,"M.A., B.Ed.",8,22,Senior Secondary,Provisional,1/4/2017,31/ 3/ 2022,Society of St. Thomas School
Stokes Memorial School,630159,HIMACHAL PRADESH,shimla,"Village Pujarli, Junga Road, P.O Kasumpati",171009,0177,"2004000 ,",9625855353,,sharmanidhi_08@yahoo.co.in,stokesmemorialschool.webs.com,2004,4/1/2004 12:00:00 AM,Nidhi Sharma,0,"M.A., B.Ed",1,5,Senior Secondary,Provisional,1/4/2017,31/ 3/ 2022,Satyanand Stokes Memorial Educational Society
Trinity International School,630216,HIMACHAL PRADESH,shimla,"P.O. Fagu, Teh. Theog, Distt. Shimla",171209,,"01783239199 ,",,,tisfagu123@gmail.com,http://www.trinityinternationalschool.com,2014,3/18/2014 12:00:00 AM,Mr.S.C.Gupta,,"M.sc, M.A",17,25,Secondary School,Provisional,1/4/2016,31/3/2019,Gyanpeeth Educational and Charitable Trust
AKAL ACADEMY ENGLISH MEDIUM SCHOOL,630029,HIMACHAL PRADESH,sirmaur,BARU SAHIB P O MACHNER (VIA RAJGARH) DISTT SIRMOUR HIMACHAL PRADESH,173107,0179,"276031 ,",,,admin@akalacademy.ac.in,,1984,7/22/2001 12:00:00 AM,Dr Neelam Kaur,0,,,,Senior Secondary,Provisional,1/4/2015,31/ 3/ 2020,yashi benevolent trust
ARMY PUBLIC SCHOOL,680003,HIMACHAL PRADESH,sirmaur,NAHAN DISTT. SIRMOUR HIMACHAL PRADESH,173001,01702,"222972 ,",2206,,armyschool_4358@yahoo.com,http://www.apshisar.com,1982,1/1/1940 12:00:00 AM,MRS SATINDER GILL,2,"MA, BEd",03,08,Senior Secondary,Provisional,1/4/2015,31/ 3/ 2020,STATION COMMANDER
CENTRAL SCHOOL FOR TIBETANS,690003,HIMACHAL PRADESH,sirmaur,DHOLANJI PO OACHGHAT VIA SOLAN DISTT SIRMOUR HIMACHAL PRADESH,173223,1799,"253063 ,",,,sks88178@gmail.com,www.cstdholanji.org,1963,4/1/1991 12:00:00 AM,S K SINGH,0,,,,Senior Secondary,Provisional,1/4/2011,31/ 3/ 2015,CTSA
D A V CENTENARY PUBLIC SCHOOL,630054,HIMACHAL PRADESH,sirmaur,RAJGARH DISTT. SIRMOUR HIMACHAL PRADESH,173101,1799,"221120 ,",01799-221121,221121,davschoolrajgarh@gmail.com,,2004,4/1/2005 12:00:00 AM,REENA MALHOTRA,2,"MA, B.Ed.",7,19,Senior Secondary,Provisional,1/4/2018,31/ 3/ 2023,national ednl.devlopment regd chad
D A V PUBLIC SCHOOL,630017,HIMACHAL PRADESH,sirmaur,NAHAN SIRMOUR DISTT HIMACHAL PRADESH,173001,1702,"222373 ,",2357,,davnahan@yahoo.com,,1984,4/1/2007 12:00:00 AM,NARESH KATOCH,1,"M.Sc., M.Ed.",6,9,Senior Secondary,Provisional,1/4/2013,31/ 3/ 2018,D A V COLLEGE MANAGING COMMITTEE DE
D A V SIRMOUR PUBLIC SCHOOL,630021,HIMACHAL PRADESH,sirmaur,"PAONTA SAHIB, DISTT SIRMOUR, HIMACHAL PRADESH",173025,1704,"222229 ,",23109,221121,davpaontasahib85@gmail.com,,1984,3/1/2004 12:00:00 AM,Dr V K Lawania,2,"MA, B.Ed.",7,19,Senior Secondary,Provisional,1/4/2015,31/ 3/ 2020,DAV COLLEGE MANAGING COMMITTEE
Divine Wisdom School,630200,HIMACHAL PRADESH,sirmaur,KOTRI VILLAGE MAJRA PAONTA SAHIB SIRMOUR HP,173021,9805,"347187 ,",,,divinewisdom08@gmaIl.com,,2011,4/7/2011 12:00:00 AM,MINAKSHI MALHOTRA,0,M.A English,2,2,Secondary School,Provisional,1/4/2015,31/3/2018,LALA ATMA RAM MEMORIAL SOCIETY
DOON VALLEY INTERNATIONAL SCHOOL,630100,HIMACHAL PRADESH,sirmaur,"CCI LIMITED RAJBAN, PAONTA SAHIB, DISTT SIRMOUR, HIMACHAL PRADESH",173028,1704,"266169 , 266170",9719239501,,dvis3d@gmail.com,,2004,3/26/2008 12:00:00 AM,Manish Gupta,1,"B.Sc, M.A, B.Ed.",11,8,Senior Secondary,Provisional,1/4/2016,31/ 3/ 2021,DOON VALLEY INTERNATIONAL EDU SOC
doon valley school,630078,HIMACHAL PRADESH,sirmaur,"pt shivanand ramaul complex f education & culture bhattanwali paonta sahib, Distt Sirmour, himachal pradesh",173025,1704,"9218413742 ,",223517,,spandey2866@gmail.com,http://tea.g.in,1995,4/1/2005 12:00:00 AM,SHIVANI PANDEY,2,m.a.,1,25,Senior Secondary,Provisional,1/4/2014,31/ 3/ 2019,doon valley soc f edu culture
Guru Nanak Mission Public School,630022,HIMACHAL PRADESH,sirmaur,"Paonta Sahib, Distt Sirmour, Himachal Pradesh",173025,1704,"222638 ,",,,info@gnmps.org,www.gnmps.g,1975,4/1/2005 12:00:00 AM,B S SAINI,1,,,,Senior Secondary,Provisional,1/4/2014,31/ 3/ 2019,g n m hospital ed trust ambala city
GURUKUL PEACH VALLEY INTERNATIONAL SCHOOL RAJGARH,630209,HIMACHAL PRADESH,sirmaur,NEAR OLD BUSSTAND-RAJGARH,173101,1799,"220955 ,",,01799220955,peachvalley2011@gmail.com,,2012,2/18/2012 12:00:00 AM,SARITA CHAUHAN,0,"MA,BED",5,12,Senior Secondary,Provisional,1/4/2018,31/ 3/ 2021,Krishan Kumar Thakur Memorial Educational Society Rajgarh
HOLY HEART PUBLIC SCHOOL,630110,HIMACHAL PRADESH,sirmaur,"NAHAN SIRMOUR SHIMLA ROAD NAHAN, DISTT SIRMOUR, HIMACHAL PRADESH",173001,1702,"224196 ,",,,vgill2233@gmail.com,,1999,7/5/2010 12:00:00 AM,SATINDER GILL,1,,,,Senior Secondary,Provisional,1/4/2017,31/ 3/ 2022,HOLY HEART PUBLIC SCHOOL M C
JAWAHAR NAVODAYA VIDYALAYA,640004,HIMACHAL PRADESH,sirmaur,NAHAN DISTT SIRMOUR HIMACHAL PRADESH,173001,1702,"222591 ,",86139,,jnvsirmour@rediffmail.com,,1987,4/1/1991 12:00:00 AM,SATYENDRA SINGH,1,M.A.,5,30,Senior Secondary,Provisional,1/4/2018,31/ 3/ 2019,NAVODAYA VIDYALAYA SAMITI
SAMBHOTA TIBETAN SCHOOL,630037,HIMACHAL PRADESH,sirmaur,BHUPPAR P.O. PAONTA SAHIB DISTT. SIRMOUR HIMACHAL PRADESH,173025,91,"8350932655 ,",27435634,,sonamkey7@gmail.com,,1967,6/1/2001 12:00:00 AM,SONAM PALKEY,1,,,,Senior Secondary,Provisional,1/4/2018,31/ 3/ 2019,DIRECTORATE OF EDUCATION
THE SCHOLAR'S HOME,630111,HIMACHAL PRADESH,sirmaur,JAMNI WALA ROAD BADRIPUR POONTA SAHIB SIRMOUR HIMACHAL PRADESH,173025,1704,"9218423356 ,",921850601,,anju11arora@yahoo.com,,2007,11/6/2007 12:00:00 AM,Anju Arora,1,,,,Senior Secondary,Provisional,1/4/2014,31/ 3/ 2019,THAKUR SINGH MEMORIAL EDUCATION TR
ALPINE PUBLIC SCHOOL,630084,HIMACHAL PRADESH,SOLAN,CHOWKIWALA NALAGARH DISTT SOLAN HIMACHAL PRADESH,174107,0179,"222997 , 222537",01795222537,221668,alpine1nalagarh@gmail.com,http://www.alpinenalagarh,1995,4/2/1994 12:00:00 AM,Prem Lata Joshi,2,MA B.Ed.,10,15,Senior Secondary,Provisional,1/4/2014,31/ 3/ 2019,ALPINE PUBLIC SCHOOL EDU SOCIETY
AMBUJA VIDYA NIKETAN,630061,HIMACHAL PRADESH,SOLAN,P O DARLAGHAT TEH ARKI DISTT SOLAN HIMACHAL PRADESH,171102,1796,"248315 , 46574",42270,2458339,principaldavambujadarlaghat@gmail.com,http://www.pcsjammu.org,1997,4/1/2005 12:00:00 AM,Mukesh Kumar,1,,,,Senior Secondary,Provisional,1/4/2015,31/ 3/ 2020,Ambuja Vidya Niketan Trust
Amravati Vidyalaya,630204,HIMACHAL PRADESH,SOLAN,"Amravati Apartments Adj H.B.C. Ph-III,Baddi Distt Solan (H.P.)",173205,1795,"657461 ,",,,vinitajoshi63@gmail.com,,2007,4/9/2007 12:00:00 AM,Vinita Joshi,0,"M.A.(English), B.Ed.",6,16,Secondary School,Provisional,1/4/2018,31/3/2023,Amravati Welfare Society
Anand School,630246,HIMACHAL PRADESH,SOLAN,Anand School Opp Bank Square Sector 1,173220,,"01792-232038 ,",,,anandschoolparwanoo@gmail.com,http://anandschool.com/,1979,4/29/1979 12:00:00 AM,MRS.USHA KAUSHESH,1,"M.Phil, B. Ed",20,33,Secondary School,Provisional,1/4/2018,31/3/2021,Deep C Anand Educational Trust
ARMY PUBLIC SCHOOL,680002,HIMACHAL PRADESH,SOLAN,DAG SHAI SHIMLA HILLS DISTT SOLAN HIMACHAL PRADESH,173210,01792,"66151 ,",66142,2458339,aps_dagashai@hotmail.com,http://www.pcsjammu.org,1986,4/1/2005 12:00:00 AM,SHAM S DUDEJA,2,M A B.Ed,13,24,Senior Secondary,Provisional,1/4/2015,31/ 3/ 2020,HQ VWESTERN COMMAND CHANDIMANDIR
B L CENTRAL PUBLIC SCHOOL,630069,HIMACHAL PRADESH,SOLAN,DAMROG SHAMTI DISTT SOLAN HIMACHAL PRADESH,173212,1792,"229593 , 20591",,,blcpsss@yahoo.in,www.blcps.com,1979,7/22/2001 12:00:00 AM,NARANDRA SINGH,0,,,,Senior Secondary,Provisional,1/4/2015,31/ 3/ 2020,B L EDUCATION SOCIETY
Baddi International School,630247,HIMACHAL PRADESH,SOLAN,Village-Makhnu Majra,173205,5692,"01795-247353 ,",234130,01795-247352,bisedu123@gmail.com,http://www.bisedu.org.in,2016,4/4/2016 12:00:00 AM,Mr.Neranjan singh,2,"M.A., B.Ed",19,10,Secondary School,Provisional,1/4/2019,31/3/2022,centre for advanced studies in engineering
Bhojia Vidyapeeth,630243,HIMACHAL PRADESH,SOLAN,Village: Bhud Teh. Baddi Distt: Solan (h.P.),173205,,"09817204721 ,",,,Bhojiavidyapeeth@gmail.com,http://vidyapeeth.bhojiamededu.com/index.html,2016,4/11/2016 12:00:00 AM,MRS. PARDEEP KAUR,1,B.ed,5,5,Secondary School,Provisional,1/4/2018,31/3/2021,Bhojia Charitable Trust for Science Research and Social Welfare
CHINMAYA VIDYALAYA,630042,HIMACHAL PRADESH,SOLAN,DR Y S PARMAR UNIV.OF HORTI & FORESTRY NAUNI SOLAN HIMACHAL PRADESH,173230,0179,"252275 , 5715",,,principal@chinmayavidyalayanauni.com,,1992,4/1/2001 12:00:00 AM,SUBHOJIT GHOSH,2,M.A B.Ed,5,14,Senior Secondary,Provisional,1/4/2019,31/ 3/ 2020,"CHINMAYA EDU. SOCIETY, NAINI,"
DAV PUBLIC SCHOOL,630073,HIMACHAL PRADESH,SOLAN,"SECTOR 1 PARWANOO, DISTT SOLAN, HIMACHAL PRADESH",173220,1792,"232919 ,",32919,2458339,davpsparwanoo@gmail.com,http://www.pcsjammu.org,1989,4/1/2005 12:00:00 AM,DR HARNEET SINGH,2,M A B.Ed,13,24,Senior Secondary,Provisional,1/4/2015,31/ 3/ 2020,DAV COLLEGE MANAGMENT COMMITTEE
DOON VALLEY PUBLIC SCHOOL,630080,HIMACHAL PRADESH,SOLAN,PEERTHAN NALAGARH DISTT SOLAN HIMACHAL PRADESHHP,174101,1795,"654088 , 221399","092515531710,9914849064","05942-224439,9914849064",dvps@dvpsnalagarh.com,,2001,4/1/2005 12:00:00 AM,Devendera Mahal,1,,,,Senior Secondary,Provisional,1/4/2014,31/ 3/ 2019,GOLDEN BELL CHARITABLE EDU SOC
Durga Public School,630118,HIMACHAL PRADESH,SOLAN,Barog Bye Pass P.O. Barog Railway Station Solan (HP) 173211,173211,1792,"227641 ,",2043,,sksharmadps@gmail.com,www.dpssolan.org,2001,3/1/2004 12:00:00 AM,SANTOSH KUMAR,2,"M.A., B.Ed.",,10,Senior Secondary,Provisional,1/4/2018,31/ 3/ 2019,D.P.S. Educational & Charitable Trust
EICHER SCHOOL,630056,HIMACHAL PRADESH,SOLAN,"KALKA SHIMLA ROAD SECTOR-6 PARWANOO, DISTT SOLAN, HIMACHAL PRADESH",173220,1792,"9459493393 , 33120",01792233393,,deepaksingi@hotmail.com,http://www.eschool.com,1993,7/1/1998 12:00:00 AM,DEEPAK SINGI,2,m.edu.,09,05,Senior Secondary,Provisional,1/4/2013,31/ 3/ 2018,smt shanti devi edu scoeity
Florence Convent School,630150,HIMACHAL PRADESH,SOLAN,"Village Godhon Thari, p.o. Subathu, Distt. Solan, H.P.-173206",173206,1792,"275268 ,",265955,,upasnavashishta@gmail.com,,1996,7/1/2008 12:00:00 AM,Upasana Vashishtha,2,,,,Senior Secondary,Provisional,1/4/2016,31/ 3/ 2019,DELHI PUBLIC SCHOOL SOCIETY
Golden Valley Public School,630217,HIMACHAL PRADESH,SOLAN,"H.B., Phase II, Chakkan Road,",173205,1795,"9882702927 ,",,,rupinder_in@yahoo.in,http://www.gvpsbaddi.com,2012,4/2/2012 12:00:00 AM,RUPINDER KAUR KANG,,"MA, B.ed",5,10,Secondary School,Provisional,1/4/2017,31/3/2020,Maa Saraswati Educational Trust Baddi
GURU NANAK PUBLIC SCHOOL,630107,HIMACHAL PRADESH,SOLAN,"JAGAAT KHANA PO MANJOHLI TEH NALAGARH DISTT SOLAN, HIMACHAL PRADESH",174101,1795,"265802 , 265749",265755,,satnam.sagar.singh@gmail.com,,2006,6/23/2008 12:00:00 AM,SATNAM SINGH,2,,,,Senior Secondary,Provisional,1/4/2014,31/ 3/ 2019,GURMAT PARCHAR TRUST
GURUKUL INTERNATIONAL SCHOOL,630127,HIMACHAL PRADESH,SOLAN,"BYPASS ROAD SOLAN, HP",173213,1792,"226317 ,",265755,,mathurpreet2007@gmail.com,,2006,6/22/2006 12:00:00 AM,GURPREET MATHUR,0,,,,Senior Secondary,Provisional,1/4/2014,31/ 3/ 2019,Satsang Shiksha Parishad
jawahar navodaya vidyalaya,640010,HIMACHAL PRADESH,SOLAN,p.o.kunihar jubla distt. solan himachal pradesh,173207,1796,"262370 , 2354",86139,,dsrawatnvs@gmail.com,,1993,4/1/1991 12:00:00 AM,D S RAWAT,1,m.a.,5,30,Senior Secondary,Provisional,1/4/2018,31/ 3/ 2020,Navodaya Vidyalaya Samiti
Kasauli International Public School,630140,HIMACHAL PRADESH,SOLAN,Village Mando Matkanda P.O. Mandodhar,173209,1792,"261044 ,",260367,01792-261042,sanjeevmainra@gmail.com,http://www.kips.edu.in,2007,3/26/2008 12:00:00 AM,SANJEEV MAINRA,2,"M.A. (English), B.Ed",1,10,Senior Secondary,,Senior Secondary,,Senior Secondary
KENDRIYA VIDYALAYA,600004,HIMACHAL PRADESH,SOLAN,14 GTC SUBATHU SOLAN DISTT HIMACHAL PRADESH,173206,1792,"275070 ,",70,,JAGE72@YAHOO.COM,,1981,4/1/1991 12:00:00 AM,JAGESHWAR,2,,,,Senior Secondary,Provisional,1/4/2018,31/ 3/ 2023,KENDRIYA VIDYALAYA SANGATHAN
KENDRIYA VIDYALAYA,600010,HIMACHAL PRADESH,SOLAN,"A F S KASAULI, DISTT SOLAN HIMACHAL PRADESH",173204,1792,"270580 ,",2129,,diyamahato@yahoo.com,,1986,4/1/1991 12:00:00 AM,BIDYUT BIKASH MAHATO,0,,,,Senior Secondary,Provisional,1/4/2017,31/ 3/ 2022,KENDRIYA VIDYALAYA SANGATHAN
LAWRENCE SCHOOL,630013,HIMACHAL PRADESH,SOLAN,SANAWAR KASAULI SOLAN DISTT HIMACHAL PRADESH,173202,01908,"2009 ,",2043,,sanawar@glide.net.in,www.sanawar.edu.in,1847,4/1/2005 12:00:00 AM,SUMER B SINGH,1,,,,Senior Secondary,Provisional,1/5/1987,31/ 3/ 2019,LAWRENCE SCHOOL SOCIETY
M R A D.A.V. PUBLIC SCHOOL,630043,HIMACHAL PRADESH,SOLAN,BY PASS ROAD SOLAN HIMACHAL PRADESH,173213,1792,"223795 ,",222549,06582-256548,mradavschool@yahoo.com,,1989,8/12/2007 12:00:00 AM,ANUPMA SHARMA,2,"M.ScBot,B.Ed,Ph.D",20,25,Senior Secondary,Provisional,1/4/2018,31/ 3/ 2019,DAV TRUST & MANAGEMENT SOCIETY
MOUNT LITERA ZEE SCHOOL,630195,HIMACHAL PRADESH,SOLAN,"SHIMLA HILLS, BAKHALAG, ARKI SOLAN",173208,1796,"250037 ,",,,donna.eims@yahoo.com,http://www.mountlitera.com,2014,4/1/2014 12:00:00 AM,Donna Eims,0,"M.Sc., B.Ed., PGDSLM",2,13,Secondary School,Provisional,1/4/2015,31/3/2018,YOUTH WELFARE ASSOCIATION BATAL
Navjyoti century School,630196,HIMACHAL PRADESH,SOLAN,"Village Kharuni, Manpura, Baddi, Solan,",173205,0179,"5236363 ,",,,ruchi.dubey84@gmail.com,,2012,4/1/2011 12:00:00 AM,RUCHI DUBEY,0,"M.Sc, B.Ed",5,10,Senior Secondary,Provisional,1/4/2017,31/ 3/ 2020,Creative Vision Educational Society
NEW GYAN DHAM PUBLIC SCHOOL,630237,HIMACHAL PRADESH,SOLAN,VILL RAKH GHANSOT PO & TEHSIL NALAGARH DISTT SOLAN HP,174101,,"01795-222007 ,",,,gyandham6@gmail.com,http://www.newgyandham.com,2014,4/1/2014 12:00:00 AM,MISSSHABNAM KUMARI,1,M.Phil (Eng) M.Ed,3,11,Secondary School,Provisional,1/4/2018,31/3/2021,New Gyan Dham Educational Society
PADAMSHREE N N MOHAN GEETA ADARSH VIDYALAYA,630052,HIMACHAL PRADESH,SOLAN,THODO GROUND SOLAN HIMACHAL PRADESH,173212,1792,"223488 ,",,,sanjeevkumarvac@gmail.com,,1976,7/1/1998 12:00:00 AM,SANJEEV KUMAR,2,,,,Senior Secondary,Provisional,1/4/2018,31/ 3/ 2019,APEX EDUCATION SOCIETY
PINE GROVE SCHOOL,630065,HIMACHAL PRADESH,SOLAN,KUTHAR ROAD SUBATHU DISTT SOLAN HIMACHAL PRADESH,173206,1792,"275690 ,",01792275800,275666,subathu@pinegroveschool.com,http://www.pinegrove.in,1984,3/1/2004 12:00:00 AM,DEVENDER KUMAR VERMA,1,"MSc, BEd",2,15,Senior Secondary,Provisional,1/4/2011,31/ 3/ 2019,HIMACHAL SHIKSHA VIKAS D SANSTHA
PINEGROVE SCHOOL,630044,HIMACHAL PRADESH,SOLAN,KASAULI ROAD DHARAMPUR DISTT:- SOLAN HIMACHAL PRADESH,173209,1792,"264105 , 2390",264147,264777,headmaster@pinegroveschool.com,www.pinegrove.in,1991,4/1/2005 12:00:00 AM,AJ SINGH,1,"MA, BEd",22,17,Senior Secondary,Provisional,1/3/2015,31/ 3/ 2018,ST. SOLDIER INT. SPIRITUAL TRUST
Ramanujam Royal Convent School,630160,HIMACHAL PRADESH,SOLAN,Village Samloh Tehsil-Arki P.O. Navgaon SOLAN,171102,1796,"245045 ,",261625,,forrajneesh@gmail.com,,2004,1/15/2010 12:00:00 AM,RAJNEESH KUMAR,0,"M.A. English M.Ed, M.Pill",05,10,Senior Secondary,Provisional,1/4/2018,31/ 3/ 2023,Ramanujam Royal Educational Society
S D SHARMA D A V CENTENARY PUBLIC SCHOOL,630060,HIMACHAL PRADESH,SOLAN,KUMARHATTI DISTT. SOLAN HIMACHAL PRADESH,173229,1792,"266574 ,",09992361005,,dav_kumarhatti1@yahoo.com,,1987,6/25/2007 12:00:00 AM,H C SIRKECK,1,"M.A.,B.Ed.",8,11,Senior Secondary,Provisional,1/4/2016,31/ 3/ 2021,D A V COLLEGE MANAGING COMMITTEE ND
SARVHITKARI SHIKSHA NIKETAN,630063,HIMACHAL PRADESH,SOLAN,KUMARHATTI SOLAN BYE-PASS DISTT.SOLAN HIMACHAL PRADESH,173229,0179,"268408 ,",,,jitenderssn@yahoo.com,,1994,1/21/2009 12:00:00 AM,JITENDER KUMAR,2,,,,Secondary School,Provisional,1/4/2013,31/3/2018,JINDAL CHAR. TRUST
SRI AUROBINDO PUBLIC SCHOOL,630089,HIMACHAL PRADESH,SOLAN,SAI RAOD BADDI DISTT SOLAN HIMACHAL PRADESH,173205,1795,"245259 , 247440",,,aurobindobaddi@gmail.com,,1996,4/1/2007 12:00:00 AM,ANILA NAIR,2,,,,Senior Secondary,Provisional,1/4/2018,31/ 3/ 2023,SMT BANARSO DEVI OSWAL PUB SCH CHARITABLE TRUST
ST. LUKE'S SENIOR SECONDARY SCHOOL,630012,HIMACHAL PRADESH,SOLAN,SOLAN HIMACHAL PRADESH,173212,1792,"220420 ,",,,isabellaagnes2014@gmail.com,,1958,11/29/2003 12:00:00 AM,SR ISABELLA AGNES,2,,,,Senior Secondary,Provisional,1/4/2018,31/ 3/ 2020,SIMLA CHANDIGARH EDUCATION SCOY
sunshine public school,630235,HIMACHAL PRADESH,SOLAN,"village chuhuwal nalagarh himachal pradesh , solan 174 101",,,"01795223373 ,",9424325431,,sspsnalagarh@gmail.com,,1973,5/25/2018 12:00:00 AM,MRS MEENAKSHI SHARMA,2,msc b ed,10,15,Secondary School,Provisional,1/4/2018,31/3/2021,om sai ram education ana welfare society bichhua
Tagore Vanasthali Public School,630158,HIMACHAL PRADESH,SOLAN,"VPO-Krishangarh Kuthar, Distt-Soaln (HP)",173206,0179,"2284860 ,",,01792-284861,tagore.vanasthali@gmail.com,,2006,4/1/2008 12:00:00 AM,KAMALPREET KAUR,0,"M.Sc., B.Ed",4,9,Senior Secondary,Provisional,1/4/2016,31/ 3/ 2021,M/s Tagore Educational & Welfare Trust
The Divine International School,630166,HIMACHAL PRADESH,SOLAN,"p.o- ghai ghat ,vill -kurar, distt - solan (H.P)",173229,1792,"232534 ,",,,thedivineinternationalschool@gmail.com,http://www.thedivineinternationalschool.com,2010,4/1/2010 12:00:00 AM,Daljeet Singh,0,"mcom, b.ed",7,25,Secondary School,Provisional,1/4/2015,31/3/2020,Sheetla mata educational & welfare society
The gurukul international school,630191,HIMACHAL PRADESH,SOLAN,"ward no 9 nalagarh, Solan,(HP)",174101,1795,"221166 ,",,01795221199,shivani_099@yahoo.com,http://www.gurukulnalagarh.com,2012,4/2/2012 12:00:00 AM,Shivani Sharma,0,"MBA,M.PHIL.,,B.ed.",5,11,Senior Secondary,Provisional,1/4/2017,31/ 3/ 2020,Awasthi educational society
THE K T S PUBLIC SCHOOL,630064,HIMACHAL PRADESH,SOLAN,GIRI HILLS K T S P O BOX 25 SOLAN HIMACHAL PRADESH,173212,1792,"9805482059 , 52020-5",01732-243803,21605,ktspublicschool@gmail.com,,1995,4/1/2005 12:00:00 AM,SHRUTI ARORA,1,"m.sc. , b.ed.",2,10,Senior Secondary,Provisional,1/4/2015,31/ 3/ 2020,KTS EDUCATIONAL & CHARITABLE TRUST
The SVN School,630236,HIMACHAL PRADESH,SOLAN,Village Badorghati PO Kunihar Tehsil Arki District Solan,173207,,"01796260275 ,",,,thesvnschool@gmail.com,,2015,4/1/2015 12:00:00 AM,MRS.SUKANYA GUHA,1,MA Bed,10,8,Secondary School,Provisional,1/4/2018,31/3/2021,Saraswati Vidya Niketan Education Society
V R PUBLIC SCHOOL,630077,HIMACHAL PRADESH,SOLAN,"HOUSING BOARD BADDI, DISTT SOLAN HIMACHAL PRADESH",174101,1795,"9318794095 ,",247783,,vrps123@gmail.com,,2002,4/1/2005 12:00:00 AM,VISHNU PRABHA SHARMA,2,M.A. M.Ed,10,15,Senior Secondary,Provisional,1/4/2014,31/ 3/ 2019,V R EDU SOC FOR EXCELLENCE
VIVEK INTERNATIONAL PUBLIC SCHOOL,630085,HIMACHAL PRADESH,SOLAN,HOUSING BOARD COLONY PHASE III BADDI SOLAN HIMACHAL PRADESH,173025,1795,"247766 ,",616450,2458339,punitarattanpal@gmail.com,http://www.pcsjammu.org,2002,4/1/2005 12:00:00 AM,Punita Sharma,1,M A B.Ed,13,24,Senior Secondary,Provisional,1/4/2015,31/ 3/ 2020,SWAMI VIVEKANANDA EDU SOC
A N M INTERNATIONAL SCHOOL TAHLIWAL,630222,HIMACHAL PRADESH,UNA,V.P.O. TAHLIWAL,174507,1887,"225380 ,",,01975-233758,jaidiss20@gmail.com,,2012,1/4/2012 12:00:00 AM,VIJAYTA RANA,0,M.A. B.ED.,18,14,Secondary School,Provisional,1/4/2017,31/3/2020,ANM EDUCATIONAL SOCIETY TAHLIWAL
D A V CENTENARY PUBLIC SCHOOL (Affiliated subject to outcome of W.P.(C) 7043 of 2018),630028,HIMACHAL PRADESH,UNA,UNA HIMACHAL PRADESH,174303,1975,"2233338 ,",01975223338,227151,principalatul@gmail.com,,1986,7/22/2001 12:00:00 AM,ATUL MAHAJAN,1,"MSc., Ph.D., B.Ed., P.G.D.H.E.",10,20,Senior Secondary,Provisional,1/4/2013,31/ 3/ 2018,DAV COLLEGE MANAGING SOCIETY
D A V PUBLIC SCHOOL,630057,HIMACHAL PRADESH,UNA,AMBOTA DT.UNA HIMACHAL PRADESH,177205,1976,"241454 ,",,,dav_ambota2007@yahoo.co.in,,1976,7/1/1998 12:00:00 AM,NAMIT SHARMA,1,,,,Senior Secondary,Provisional,1/4/2017,31/ 3/ 2022,darshan education foundation
"D.A.V. Public Model School,",630186,HIMACHAL PRADESH,UNA,"Kalu Di Bar PO Dharamsala, Mahanta,",177110,1976,"256288 ,",,,davmkdb@gmail.com,,1999,3/1/1999 12:00:00 AM,KRISHAN KUMAR,0,"M. A., B. Ed.",5,8,Secondary School,Provisional,1/4/2017,31/3/2022,Dayanand Adarsh Society Kharoh
DDM INTERNATIONAL SCHOOL,630167,HIMACHAL PRADESH,UNA,GONDPUR BANEHRA(UPPER) TEHSIL AMB DISTT UNA (H.P)-177213,177213,1976,"268568 ,",,01976-268568,principalddm@gmail.com,http://www.ddminstitute.com,2008,4/1/2011 12:00:00 AM,NARENDER SHARMA,1,M.SC B-ED,1,4,Senior Secondary,Provisional,1/4/2018,31/ 3/ 2020,MAHANT DWARKA DASS EDUCATIONAL SOCIETY(REGD)
Gurukul International Sr.Sec.School,630226,HIMACHAL PRADESH,UNA,Gurukul International Sr.Sec School Katohar Kalan Amb,177203,1976,"9318920089 ,",,,ps1986786@gmail.com,,2016,4/18/2016 12:00:00 AM,Priyanka Sharma,,M.Phil,18,19,Secondary School,Provisional,1/4/2017,31/3/2020,Gurukul Educational Society
J S WISDOM WORLD SCHOOL,630240,HIMACHAL PRADESH,UNA,SH 25 AMB ROAD UNA,174303,,"9816579000 ,",,,JSWISDOM123@GMAIL.COM,http://www.jswws.org,2015,4/7/2015 12:00:00 AM,MRS.RENUKA,1,MSE.MED,11,11,Middle Class,Provisional,1/4/2018,31/3/2021,j.s education trust
JAWAHAR NAVODAYA VIDYALAYA,640001,HIMACHAL PRADESH,UNA,PEKHUBELA DISTT UNA HIMACHAL PRADESH,174808,1975,"207297 ,",2683934,08289-286270,anoopathakur@rediffmail.com,http://www.klesociety.g,1987,6/1/1998 12:00:00 AM,ANOOPA THAKUR,1,m a b ed,2,8,Senior Secondary,Provisional,1/4/2009,31/ 3/ 2010,NAVODAYA VIDYALAYA SAMITI
k c public school,630184,HIMACHAL PRADESH,UNA,"vpo- pandoga uparla, UNA distt. una himanchal pradesh",177027,1975,"241462 ,",,01975241111,sohanlal633@ymail.com,http://www.kcinstitutes.com,2010,4/5/2010 12:00:00 AM,Sohan Lal Bhardwaj,0,"m.sc, b.ed",3,10,Senior Secondary,Provisional,1/4/2016,31/ 3/ 2019,kc educational and social welfare society
K. V. International School,630181,HIMACHAL PRADESH,UNA,V&PO Dhusara; Teh.: Amb; Dist.: Una; HP,174302,1976,"234111 ,",,,munish.sharma1975@gmail.com,http://www.kvischool.com,2011,4/14/2011 12:00:00 AM,Munish Sharma,0,MCom; MBA,9,10,Senior Secondary,Provisional,1/4/2018,31/ 3/ 2023,HIM Inspirations Education Society
kendriya vidyalaya,600023,HIMACHAL PRADESH,UNA,"bangana, distt. una, himachal pradesh",174307,1975,"263055 ,",09882717849,,sd_lakhanpal@yahoo.co.in,,1998,4/1/1991 12:00:00 AM,SUNIL DUTT LAKHANPAL,2,,,,Senior Secondary,Provisional,1/4/2018,31/ 3/ 2021,Kendriya Vidyalaya Sangathan
M I A DAV PUBLIC SCHOOL,630072,HIMACHAL PRADESH,UNA,INDUSTRIAL AREA MEHATPUR DISTT UNA HIMACHAL PRADESH,174315,1975,"232113 ,",21293,,mia_dav@rediffmail.com,,1991,4/1/2005 12:00:00 AM,RENU PANDHI,2,,,,Senior Secondary,Provisional,1/4/2009,31/ 3/ 2014,MIA EDUCATIONAL SOCIETY
MAHARISHI VIDYA MANDIR,630177,HIMACHAL PRADESH,UNA,"Tehsil- Amb, Vill & PO-Daulatpur Chowk, Bahgon (H.P.)",177204,1976,"265745 ,",,,seemakaushal478@gmail.com,,1992,6/3/1996 12:00:00 AM,SEEMA KAUSHAL,0,"M.Sc., B.Ed.,",3,5,Secondary School,Provisional,1/4/2016,31/3/2021,MAHARISHI SIKSHA SANSTHAN
PARMAR INTERNATIONAL SCHOOL,630094,HIMACHAL PRADESH,UNA,KAILASH NAGAR BANEHRA TEH AMB DISTT UNA HIMACHAL PRADESH,177213,1976,"268548 ,",01972-222560,222560,pis_2008@yahoo.com,http://www.davhamirpur.or,2004,4/1/2005 12:00:00 AM,AJAY JASWAL,1,M.Sc. B.Ed.,13,13,Senior Secondary,Provisional,1/4/2015,31/ 3/ 2020,PARMAR EDUCATION SOC
PMR INTERNATIONAL SCHOOL,630182,HIMACHAL PRADESH,UNA,VPO - RAPOH MISRAN DISTT - UNA (HP),177210,1976,"269070 ,",,,narinder0509@gmail.com,,2011,4/1/2011 12:00:00 AM,NEELAM RANI,0,BA (HONS),26,5,Senior Secondary,Provisional,1/4/2017,31/ 3/ 2020,SD EDUCATIONAL SOCIETY
rockfd day boarding public school,630156,HIMACHAL PRADESH,UNA,"village bharolian khurd, rakkar, una (h.p.)",174303,1975,"238822 ,",,01975202622,shagunsikka89@yahoo.in,,2006,4/1/2006 12:00:00 AM,Shagun Sikka,0,"m.a.(english), b.ed.",3,8,Senior Secondary,Provisional,1/4/2014,31/ 3/ 2017,rps day boarding public school educational and social society
RUDRA INTERNATIONAL SCHOOL,630113,HIMACHAL PRADESH,UNA,V&PO BASAL DISTT UNA HIMACHAL PRADESH,174302,1975,"272042 ,",09816072051,,principalrudra@gmail.com,,1955,4/1/1955 12:00:00 AM,Rajni Bala,2,,,,Senior Secondary,Provisional,1/4/2015,31/ 3/ 2020,RUDRA EDUCATIONAL SOCIETY
S.V.N.PUBLIC SCHOOL SAMOOR KHURD,630229,HIMACHAL PRADESH,UNA,S.V.N. PUBLIC SCHOOL SAMOOR KHURD,174303,,"9318775495 ,",,,nirmalthakur1@radiffmail.com,http://www.shikshabharti.co.in,1992,3/7/1992 12:00:00 AM,Mr.HANS RAJ,,"M.Ed., MA Persuing",1,1,Secondary School,Provisional,4/1/2017,31/3/2020,SHIKSHA BHARTI
saraswati vidya mandir High school,630206,HIMACHAL PRADESH,UNA,"v.p.o- chintpurni, Teh -Amb, Distt- una.",177110,1976,"256114 ,",,,rajiv03558@gmail.com,,1987,1/5/1987 12:00:00 AM,RAJEEV KUMAR,0,"BA,B.Ed,PGDCA",18,20,Secondary School,Provisional,1/4/2016,31/3/2019,"Himachal Shiksha Samiti, Shimla"
SHANTI INTERNATIONAL PUBLIC SCHOOL,630115,HIMACHAL PRADESH,UNA,KAILASH NAGAR NAKROH AMB UNA HIMACHAL PRADESH,177213,1976,"268686 , 268518",2683934,08289-286270,meenaparteek@gmail.com,http://www.klesociety.org,1998,6/1/1998 12:00:00 AM,MEENA SHARMA,1,M A B Ed,2,8,Senior Secondary,Provisional,1/4/2012,31/ 3/ 2017,SHANTI EDUCATIONAL SOCIETY
SSRVM Senior Secondary School,630130,HIMACHAL PRADESH,UNA,"LOWER KOTLA, TAKKA ROAD,",174303,1975,"228451 ,",,,mehta.tamanna9@gmail.com,,2007,4/1/2007 12:00:00 AM,Tamanna Sharma,0,"M.A., B.Ed., B.Ed.,D.Pharm,PGD TTE, INTEL(comp)",3,10,Senior Secondary,Provisional,1/4/2018,31/ 3/ 2019,shri krishna educational society
VASHIST PUBLIC SCHOOL,630119,HIMACHAL PRADESH,UNA,VILL & P.O. BEHDALA TEH & DISTT UNA,174303,1975,"238452 ,",,,dpkkaushal@gmail.com,,1948,1/8/1948 12:00:00 AM,Deepak Kumar,0,,,,Senior Secondary,,Senior Secondary,,Senior Secondary
